sku,title,primary_path,mottaro_path,is_multi_category
MK002-2-YEL,"Motarro Correction Tape – Yellow","Stationery > School & Office > Writing & Correction > Correction and Erasing","mottaro > mottaro-school-office > mottaro-writing-correction > mottaro-correction-erasing",yes
MC001-2,"Motarro Paint Marker – Silver, 3mm","Stationery > School & Office > Writing & Correction > Markers and Highlighters","mottaro > mottaro-school-office > mottaro-writing-correction > mottaro-markers-highlighters",yes
MC007-2,"Motarro Textile Marker – Blue, 2-3mm","Stationery > School & Office > Writing & Correction > Markers and Highlighters","mottaro > mottaro-school-office > mottaro-writing-correction > mottaro-markers-highlighters",yes
MP040-21,"Motarro Acrylic Paint – Ochre, 75ml","Arts and Crafts > Art Supplies > Paints > Acrylic","mottaro > mottaro-art-supplies > mottaro-paints > mottaro-paints-acrylic",yes
MU168-2,"Motarro Glow In The Dark Stickers – 1 Sheet","Arts and Crafts > Crafts > Stickers","mottaro > mottaro-crafts > mottaro-stickers",yes
ME095-F,"Motarro LED Letter Light – 22cm","Arts and Crafts > Crafts > Lights","mottaro > mottaro-crafts > mottaro-crafts-lights",yes
ME035-9,"Motarro Air Clay – Light Orange, 60g","Arts and Crafts > Art Supplies > Sculpting & Moulding > Clay","mottaro > mottaro-art-supplies > mottaro-sculpting-moulding > mottaro-clay",yes
MI044-50,"Motarro 50cm Ruler","Stationery > School & Office > Measuring & Viewing","mottaro > mottaro-school-office > mottaro-measuring-viewing",yes
MU156-1,"Motarro Carbon Paper – A4, Blue, 210x297cm, 10 Sheets","Stationery > School & Office > Colour Paper and Boards","mottaro > mottaro-school-office > mottaro-colour-paper-boards",yes
MP065,"Motarro Easel – 40cm","Arts and Crafts > Art Supplies > Easels","mottaro > mottaro-art-supplies > mottaro-easels",yes
MU168-7,"Motarro Glow In The Dark Stickers – 1 Sheet","Arts and Crafts > Crafts > Stickers","mottaro > mottaro-crafts > mottaro-stickers",yes
MQ009-4,"Motarro Colour File Dividers – 1 To 31","Stationery > School & Office > Filing & Organisation","mottaro > mottaro-school-office > mottaro-filing-organisation",yes
MC008-13,"Motarro Ballpoint Pen – Assorted, 1.0mm, 12 pcs","Stationery > School & Office > Writing & Correction > Pens and Pencils","mottaro > mottaro-school-office > mottaro-writing-correction > mottaro-pens-pencils",yes
MI007-1,"Motarro Desk Organiser – Black, 14x17.5x7.5cm","Stationery > School & Office > Desk Organisers","mottaro > mottaro-school-office > mottaro-desk-organisers",yes
MU169-6,"Motarro Glitter Stickers – 1 Sheet","Arts and Crafts > Crafts > Stickers","mottaro > mottaro-crafts > mottaro-stickers",yes
MC107-2,"Motarro Gel Pen – Sea Life, 0.7mm","Stationery > School & Office > Writing & Correction > Pens and Pencils","mottaro > mottaro-school-office > mottaro-writing-correction > mottaro-pens-pencils",yes
MI027-3-BLK,"Motarro Deposit Box – Black, 8.5x20x16cm","Stationery > School & Office","mottaro > mottaro-school-office",yes
MP169-2,"MOTARRO ACRYLIC FLUORESCENT PAINT 75ML","Arts and Crafts > Art Supplies > Paints > Acrylic","mottaro > mottaro-art-supplies > mottaro-paints > mottaro-paints-acrylic",yes
MP130-26,"Motarro Canvas Stretch 60x90cm","Arts and Crafts > Art Supplies > Canvas > Stretch","mottaro > mottaro-art-supplies > mottaro-canvas > mottaro-canvas-stretch",yes
ME046-15,"Motarro Assorted Stamps – Numbers, 25mm, 10 pcs","Stationery > School & Office > Stamps & Ink","mottaro > mottaro-school-office > mottaro-stamps-ink",yes
MC001-1,"Motarro Paint Marker – Gold, 3mm","Stationery > School & Office > Writing & Correction > Markers and Highlighters","mottaro > mottaro-school-office > mottaro-writing-correction > mottaro-markers-highlighters",yes
ME046-8,"Motarro Assorted Stamps – 25mm, 6 pcs","Stationery > School & Office > Stamps & Ink","mottaro > mottaro-school-office > mottaro-stamps-ink",yes
MQ029-BLU,"Motarro Expanding File – A4, Blue","Stationery > School & Office > Filing & Organisation","mottaro > mottaro-school-office > mottaro-filing-organisation",yes
MP169-2-YEL,"Motarro Acrylic Paint – Fluorescent, Yellow, 75ml","Arts and Crafts > Art Supplies > Paints > Acrylic","mottaro > mottaro-art-supplies > mottaro-paints > mottaro-paints-acrylic",yes
MU289-8,"Motarro Craft Stickers – Sea Life","Arts and Crafts > Crafts > Stickers","mottaro > mottaro-crafts > mottaro-stickers",yes
MB001-4,"Motarro Didactic Electric Kit – 8 pcs","Stationery > Educational","mottaro > mottaro-educational",yes
MP155-3,"Motarro Canvas Stretch With Tripod – 10x10cm","Arts and Crafts > Art Supplies > Canvas > Stretch","mottaro > mottaro-art-supplies > mottaro-canvas > mottaro-canvas-stretch",yes
MU169-7,"Motarro Glitter Stickers – 1 Sheet","Arts and Crafts > Crafts > Stickers","mottaro > mottaro-crafts > mottaro-stickers",yes
ME095-J,"Motarro LED Letter Light – 22cm","Arts and Crafts > Crafts > Lights","mottaro > mottaro-crafts > mottaro-crafts-lights",yes
MI022-2-BLK,"Motarro Staple Remover – Black","Stationery > School & Office","mottaro > mottaro-school-office",yes
MP068,"Motarro Easel – 90cm","Arts and Crafts > Art Supplies > Easels","mottaro > mottaro-art-supplies > mottaro-easels",yes
MP198-3,"Motarro Stretch Canvas – Fill In The Frame, With Paint And Paintbrush, Ice Cream, 20x20cm","Arts and Crafts > Art Supplies > Canvas > Stretch","mottaro > mottaro-art-supplies > mottaro-canvas > mottaro-canvas-stretch",yes
MP130-3,"Motarro Canvas Stretch 15x20cm","Arts and Crafts > Art Supplies > Canvas > Stretch","mottaro > mottaro-art-supplies > mottaro-canvas > mottaro-canvas-stretch",yes
MP040-20,"Motarro Acrylic Paint – Brown, 75ml","Arts and Crafts > Art Supplies > Paints > Acrylic","mottaro > mottaro-art-supplies > mottaro-paints > mottaro-paints-acrylic",yes
MU032,"Motarro Self Adhesive Labels – Smiley, 5 Sheets","Stationery > School & Office > Labels & Notes","mottaro > mottaro-school-office > mottaro-labels-notes",yes
MC045-13,"Motarro Highlighters – 3 pcs","Stationery > School & Office > Writing & Correction > Markers and Highlighters","mottaro > mottaro-school-office > mottaro-writing-correction > mottaro-markers-highlighters",yes
ME095-K,"Motarro LED Letter Light – 22cm","Arts and Crafts > Crafts > Lights","mottaro > mottaro-crafts > mottaro-crafts-lights",yes
ME035-4,"Motarro Air Clay – Neon Pink, 60g","Arts and Crafts > Art Supplies > Sculpting & Moulding > Clay","mottaro > mottaro-art-supplies > mottaro-sculpting-moulding > mottaro-clay",yes
MI027-3-BLU,"Motarro Deposit Box – Blue, 8.5x20x16cm","Stationery > School & Office","mottaro > mottaro-school-office",yes
MI088-4-BLU,"Motarro A4 Paper Cutter Trimmer – Blue","Stationery > School & Office > Cutting Tools","mottaro > mottaro-school-office > mottaro-cutting-tools",yes
MC006-1,"Motarro Erasable Gel Pen – Black, 0.7mm","Stationery > School & Office > Writing & Correction > Pens and Pencils","mottaro > mottaro-school-office > mottaro-writing-correction > mottaro-pens-pencils",yes
ME130-1,"Motarro Wood Chips – 10-30mm 6 pcs","Arts and Crafts > Crafts > Wooden","mottaro > mottaro-crafts > mottaro-wooden",yes
MA024-2,"Motarro Magnets – 30 pcs","Stationery > School & Office > Magnets","mottaro > mottaro-school-office > mottaro-magnets",yes
MU269-3,"Motarro Magnetic Bookmarks","Stationery > School & Office","mottaro > mottaro-school-office",yes
MP147,"Motarro Clay Tools – 8 pcs","Arts and Crafts > Art Supplies > Sculpting & Moulding > Clay","mottaro > mottaro-art-supplies > mottaro-sculpting-moulding > mottaro-clay",yes
MP080-BLU,"Motarro Brush Wash Cup – Blue","Arts and Crafts > Art Supplies > Painting Palettes","mottaro > mottaro-art-supplies > mottaro-painting-palettes",yes
MU167-3,"Motarro Stickers Relief – 1 Sheet","Arts and Crafts > Crafts > Stickers","mottaro > mottaro-crafts > mottaro-stickers",yes
MQ005-10,"Motarro Looses Sleaves – 10 Pages","Stationery > School & Office","mottaro > mottaro-school-office",yes
MI020-7,"Motarro Stapler With Staples – Silver, 2 pcs","Stationery > School & Office > Stapling","mottaro > mottaro-school-office > mottaro-stapling",yes
MP133-1,"Motarro Canvas Panel 18x13cm","Arts and Crafts > Art Supplies > Canvas > Panel","mottaro > mottaro-art-supplies > mottaro-canvas > mottaro-canvas-panel",yes
MA057-1-BLK,"Motarro Paper Clips – Black, 50 pcs","Stationery > School & Office > Fasteners & Clips","mottaro > mottaro-school-office > mottaro-fasteners-clips",yes
MC107-4,"Motarro Gel Pen – Animals, 0.7mm","Stationery > School & Office > Writing & Correction > Pens and Pencils","mottaro > mottaro-school-office > mottaro-writing-correction > mottaro-pens-pencils",yes
MP040-13,"Motarro Acrylic Paint – Acid Blue, 75ml","Arts and Crafts > Art Supplies > Paints > Acrylic","mottaro > mottaro-art-supplies > mottaro-paints > mottaro-paints-acrylic",yes
MA024-6,"Motarro Magnets – 7 pcs","Stationery > School & Office > Magnets","mottaro > mottaro-school-office > mottaro-magnets",yes
MC148-1,"Motarro Colour Pencils – 12 Colours","Stationery > School & Office > Writing & Correction > Colour Pencils and Crayons","mottaro > mottaro-school-office > mottaro-writing-correction > mottaro-colour-pencils-crayons",yes
MC002-4,"Motarro Paint Marker – White, 0.7mm","Stationery > School & Office > Writing & Correction > Markers and Highlighters","mottaro > mottaro-school-office > mottaro-writing-correction > mottaro-markers-highlighters",yes
MC001-3,"Motarro Paint Marker – Black, 3mm","Stationery > School & Office > Writing & Correction > Markers and Highlighters","mottaro > mottaro-school-office > mottaro-writing-correction > mottaro-markers-highlighters",yes
MQ005-100,"Motarro Looses Sleaves – 10 Pages","Stationery > School & Office","mottaro > mottaro-school-office",yes
ME035-8,"Motarro Air Clay – Neon Orange, 60g","Arts and Crafts > Art Supplies > Sculpting & Moulding > Clay","mottaro > mottaro-art-supplies > mottaro-sculpting-moulding > mottaro-clay",yes
ME036-4,"Motarro Embroidery Hoop – 230mm","Arts and Crafts > Crafts > Embroidery","mottaro > mottaro-crafts > mottaro-embroidery",yes
MA052-PNK,"Motarro Binder Clips Pack – Pink, 5 pcs","Stationery > School & Office > Fasteners & Clips","mottaro > mottaro-school-office > mottaro-fasteners-clips",yes
ME047-4,"Motarro Cutting Mat Set – Black, A5, 3 pcs","Stationery > School & Office","mottaro > mottaro-school-office",yes
ME073-2,"Motarro Modelling Clay – Red Brown, 250g","Arts and Crafts > Art Supplies > Sculpting & Moulding > Clay","mottaro > mottaro-art-supplies > mottaro-sculpting-moulding > mottaro-clay",yes
MP130-16,"Motarro Canvas Stretch 40x50cm","Arts and Crafts > Art Supplies > Canvas > Stretch","mottaro > mottaro-art-supplies > mottaro-canvas > mottaro-canvas-stretch",yes
MI023-1,"Motarro Hole Punch – Silver, 6mm","Stationery > School & Office > Hole Punch","mottaro > mottaro-school-office > mottaro-hole-punch",yes
MP144,"Motarro Painting Spatula – 6 pcs","Arts and Crafts > Art Supplies > Painting Palettes","mottaro > mottaro-art-supplies > mottaro-painting-palettes",yes
MK008-1,"Motarro Correction Pen – 7ml","Stationery > School & Office > Writing & Correction > Pens and Pencils","mottaro > mottaro-school-office > mottaro-writing-correction > mottaro-pens-pencils",yes
MQ002-2,"Motarro Clipboard – 315x225mm","Stationery > School & Office > Clipboards","mottaro > mottaro-school-office > mottaro-clipboards",yes
MP163-12,"Motarro Double Tip Marker – 6.0mm And 1.0mm, 12 Colours","Stationery > School & Office > Writing & Correction > Markers and Highlighters","mottaro > mottaro-school-office > mottaro-writing-correction > mottaro-markers-highlighters",yes
MC004-1,"Motarro Pen Refill For Erasable Pen – Black, 0.7mm, 3 pcs","Stationery > School & Office > Writing & Correction > Pens and Pencils","mottaro > mottaro-school-office > mottaro-writing-correction > mottaro-pens-pencils",yes
MP125-1,"Motarro Watercolour Pad – 5 Sheets, 148x210mm","Arts and Crafts > Art Supplies > Sketch & Draw","mottaro > mottaro-art-supplies > mottaro-sketch-draw",yes
MC160,"Motarro Banknote Tester Pen","Stationery > School & Office > Writing & Correction > Pens and Pencils","mottaro > mottaro-school-office > mottaro-writing-correction > mottaro-pens-pencils",yes
MA052-GRN,"Motarro Binder Clips Pack – Green, 5 pcs","Stationery > School & Office > Fasteners & Clips","mottaro > mottaro-school-office > mottaro-fasteners-clips",yes
MI103-3-BLU,"Motarro Compass Set – Blue, 8 pcs","Stationery > School & Office","mottaro > mottaro-school-office",yes
MC093,"Motarro Colour Pencil – 12 Colours","Stationery > School & Office > Writing & Correction > Colour Pencils and Crayons","mottaro > mottaro-school-office > mottaro-writing-correction > mottaro-colour-pencils-crayons",yes
MO001-7,"Motarro Jumbo White Chalk – 10cm, 6 pcs","Stationery > School & Office > Writing & Correction > Colour Pencils and Crayons","mottaro > mottaro-school-office > mottaro-writing-correction > mottaro-colour-pencils-crayons",yes
MP164-2,"Motarro Canvas Stretch 30x40cm","Arts and Crafts > Art Supplies > Canvas > Stretch","mottaro > mottaro-art-supplies > mottaro-canvas > mottaro-canvas-stretch",yes
MQ057-5-PNK,"Motarro EVA Zipping Bag – Pink, 290x223mm","Fashion & Accessories > Synthetic Bags > Handbags","mottaro > mottaro-other > mottaro-other-fashion",yes
MI083-2,"Motarro Soft Ruler – 20cm","Stationery > School & Office > Measuring & Viewing","mottaro > mottaro-school-office > mottaro-measuring-viewing",yes
MU058,"Motarro Page Markers – 20x5 pcs","Stationery > School & Office > Writing & Correction > Markers and Highlighters","mottaro > mottaro-school-office > mottaro-writing-correction > mottaro-markers-highlighters",yes
MC009-7,"Motarro Ballpoint Pen – Black, 1.0mm, 50 pcs","Stationery > School & Office > Writing & Correction > Pens and Pencils","mottaro > mottaro-school-office > mottaro-writing-correction > mottaro-pens-pencils",yes
MB001-2,"Motarro Didactic Electric Kit – 4 pcs","Stationery > Educational","mottaro > mottaro-educational",yes
MA005-6,"Motarro Safety Pins – Silver, 50mm, 20 pcs","Stationery > School & Office","mottaro > mottaro-school-office",yes
MYD066-2,"Motarro Self Adhesive Labels – Orange, 5 Sheets","Stationery > School & Office > Labels & Notes","mottaro > mottaro-school-office > mottaro-labels-notes",yes
MP133-5,"Motarro Canvas Panel 30x20cm","Arts and Crafts > Art Supplies > Canvas > Panel","mottaro > mottaro-art-supplies > mottaro-canvas > mottaro-canvas-panel",yes
MP040-6,"Motarro Acrylic Paint – Jacinth, 75ml","Arts and Crafts > Art Supplies > Paints > Acrylic","mottaro > mottaro-art-supplies > mottaro-paints > mottaro-paints-acrylic",yes
MP169-3-BRZ,"Motarro Acrylic Paint – Metallic, Bronze, 75ml","Arts and Crafts > Art Supplies > Paints > Acrylic","mottaro > mottaro-art-supplies > mottaro-paints > mottaro-paints-acrylic",yes
MP146-1,"Motarro Palette Knife Painting – 5 pcs","Arts and Crafts > Art Supplies > Painting Palettes","mottaro > mottaro-art-supplies > mottaro-painting-palettes",yes
MU169-2,"Motarro Glitter Stickers – 1 Sheet","Arts and Crafts > Crafts > Stickers","mottaro > mottaro-crafts > mottaro-stickers",yes
MP169-2-GRN,"Motarro Acrylic Paint – Fluorescent, Green, 75ml","Arts and Crafts > Art Supplies > Paints > Acrylic","mottaro > mottaro-art-supplies > mottaro-paints > mottaro-paints-acrylic",yes
MQ057-5-BLU,"Motarro EVA Zipping Bag – Blue, 290x223mm","Fashion & Accessories > Synthetic Bags > Handbags","mottaro > mottaro-other > mottaro-other-fashion",yes
MC020-15,"Motarro – Smooth Ballpoint Pen, 0.7mm, 3 pcs","Stationery > School & Office > Writing & Correction > Pens and Pencils","mottaro > mottaro-school-office > mottaro-writing-correction > mottaro-pens-pencils",yes
MP085,"Motarro Paintbrush – Synthetic Fiber, Set Of 3","Arts and Crafts > Art Supplies > Brushes & Applicators","mottaro > mottaro-art-supplies > mottaro-brushes-applicators",yes
MI019-9-RED,"Motarro Kids Scissors Craft – Red","Stationery > School & Office > Cutting Tools","mottaro > mottaro-school-office > mottaro-cutting-tools",yes
ME095-R,"Motarro LED Letter Light – 22cm","Arts and Crafts > Crafts > Lights","mottaro > mottaro-crafts > mottaro-crafts-lights",yes
MA055-PUR,"Motarro Pencil Sharpener – Purple, 58mm, 3 pcs","Stationery > School & Office > Sharpeners","mottaro > mottaro-school-office > mottaro-sharpeners",yes
ME095-D,"Motarro LED Letter Light – 22cm","Arts and Crafts > Crafts > Lights","mottaro > mottaro-crafts > mottaro-crafts-lights",yes
MU214,"Motarro Photo Stickers – 250 pcs","Arts and Crafts > Crafts > Stickers","mottaro > mottaro-crafts > mottaro-stickers",yes
MI019-8-GRN,"Motarro Kids Scissors Floral – Green","Stationery > School & Office > Cutting Tools","mottaro > mottaro-school-office > mottaro-cutting-tools",yes
ME035-2,"Motarro Air Clay – Black, 60g","Arts and Crafts > Art Supplies > Sculpting & Moulding > Clay","mottaro > mottaro-art-supplies > mottaro-sculpting-moulding > mottaro-clay",yes
MQ057-1-BLK,"Motarro EVA Zipping Bag – A4, Black, 355x255mm","Fashion & Accessories > Synthetic Bags > Handbags","mottaro > mottaro-other > mottaro-other-fashion",yes
MP130-12,"Motarro Canvas Stretch 30x30cm","Arts and Crafts > Art Supplies > Canvas > Stretch","mottaro > mottaro-art-supplies > mottaro-canvas > mottaro-canvas-stretch",yes
ME095-0,"Motarro LED Numbers Light – 22cm","Arts and Crafts > Crafts > Lights","mottaro > mottaro-crafts > mottaro-crafts-lights",yes
ME035-12,"Motarro Air Clay – Purple, 60g","Arts and Crafts > Art Supplies > Sculpting & Moulding > Clay","mottaro > mottaro-art-supplies > mottaro-sculpting-moulding > mottaro-clay",yes
ME136-1,"Motarro Painting Mask – White, 19x24cm","Arts and Crafts > Crafts > Masks","mottaro > mottaro-crafts > mottaro-masks",yes
MI043-50,"Motarro Aluminium Ruler – 50cm","Stationery > School & Office > Measuring & Viewing","mottaro > mottaro-school-office > mottaro-measuring-viewing",yes
MU146-2,"Motarro Mathematical Flash Cards – Subtraction, 27 Sheets","Stationery > Educational","mottaro > mottaro-educational",yes
MA007-3,"Motarro Thumbtack – 40 pcs","Stationery > School & Office","mottaro > mottaro-school-office",yes
MI022-2-RED,"Motarro Staple Remover – Red","Stationery > School & Office","mottaro > mottaro-school-office",yes
MO027-2,"Motarro Tripod Blackboard – 28x16cm","Stationery > School & Office > Boards & Markers","mottaro > mottaro-school-office > mottaro-boards-markers",yes
MC041-5,"Motarro Permanent Marker – 0.4mm, 3 pcs","Stationery > School & Office > Writing & Correction > Markers and Highlighters","mottaro > mottaro-school-office > mottaro-writing-correction > mottaro-markers-highlighters",yes
MP145-2,"Motarro Painting Palette – 85x125mm, 6 Grids","Arts and Crafts > Art Supplies > Painting Palettes","mottaro > mottaro-art-supplies > mottaro-painting-palettes",yes
MP135-YEL,"Motarro Painting Apron – Yellow, 480x330mm","Arts and Crafts > Art Supplies > Aprons","mottaro > mottaro-art-supplies > mottaro-art-aprons",yes
ME119-4,"Motarro Felt Bag – Pink, 25x30cm, 70g, 5 pcs","Arts and Crafts > Crafts > Felt Bags","mottaro > mottaro-crafts > mottaro-felt-bags",yes
MI103-3-PNK,"Motarro Compass Set – Pink, 8 pcs","Stationery > School & Office","mottaro > mottaro-school-office",yes
MP040-15,"Motarro Acrylic Paint – Light Green, 75ml","Arts and Crafts > Art Supplies > Paints > Acrylic","mottaro > mottaro-art-supplies > mottaro-paints > mottaro-paints-acrylic",yes
MP169-2-BLU,"Motarro Acrylic Paint – Fluorescent, Blue, 75ml","Arts and Crafts > Art Supplies > Paints > Acrylic","mottaro > mottaro-art-supplies > mottaro-paints > mottaro-paints-acrylic",yes
MO006,"Motarro Blackboard – 20x30cm","Stationery > School & Office > Boards & Markers","mottaro > mottaro-school-office > mottaro-boards-markers",yes
MP172-2,"Motarro Tempera Set Paint – Fluorescent Colours, 6x15ml","Arts and Crafts > Art Supplies > Paints > Tempera","mottaro > mottaro-art-supplies > mottaro-paints > mottaro-paints-tempera",yes
MK008-3,"Motarro Correction Fluid And Pen – 7ml And 20ml","Stationery > School & Office > Writing & Correction > Pens and Pencils","mottaro > mottaro-school-office > mottaro-writing-correction > mottaro-pens-pencils",yes
MP040-5,"Motarro Acrylic Paint – Peach, 75ml","Arts and Crafts > Art Supplies > Paints > Acrylic","mottaro > mottaro-art-supplies > mottaro-paints > mottaro-paints-acrylic",yes
ME095-Z,"Motarro LED Letter Light – 22cm","Arts and Crafts > Crafts > Lights","mottaro > mottaro-crafts > mottaro-crafts-lights",yes
ME046-1,"Motarro Assorted Stamps – 25mm, 6 pcs","Stationery > School & Office > Stamps & Ink","mottaro > mottaro-school-office > mottaro-stamps-ink",yes
MQ057-2-PNK,"Motarro EVA Zipping Bag – A5, Pink, 235x175mm","Fashion & Accessories > Synthetic Bags > Handbags","mottaro > mottaro-other > mottaro-other-fashion",yes
MP145-1,"Motarro Painting Palette – 85x85mm, 4 Grids","Arts and Crafts > Art Supplies > Painting Palettes","mottaro > mottaro-art-supplies > mottaro-painting-palettes",yes
MQ021-GRN,"Motarro Expanding File – A4, Green","Stationery > School & Office > Filing & Organisation","mottaro > mottaro-school-office > mottaro-filing-organisation",yes
ME395-1,"Motarro Crepe Paper – White, 35x10mm, 4 pcs","Arts and Crafts > Crafts > Shredded and Crepe","mottaro > mottaro-crafts > mottaro-shredded-crepe",yes
MU167-5,"Motarro Stickers Relief – 1 Sheet","Arts and Crafts > Crafts > Stickers","mottaro > mottaro-crafts > mottaro-stickers",yes
ME036-2,"Motarro Embroidery Hoop – 180mm","Arts and Crafts > Crafts > Embroidery","mottaro > mottaro-crafts > mottaro-embroidery",yes
ME038-2,"Motarro Hot Glue Gun – 4 pcs","Stationery > School & Office > Glues and Adhesive Tape > Glues","mottaro > mottaro-school-office > mottaro-glues-adhesive-tape > mottaro-glues",yes
MQ001-1-GRN,"Motarro Clipboard – Green, 315x225mm","Stationery > School & Office > Clipboards","mottaro > mottaro-school-office > mottaro-clipboards",yes
MP040-18,"Motarro Acrylic Paint – Deep Purple, 75ml","Arts and Crafts > Art Supplies > Paints > Acrylic","mottaro > mottaro-art-supplies > mottaro-paints > mottaro-paints-acrylic",yes
ME151-10,"Motarro EVA Sponge – A4, Green Glitter, 10 pcs","Arts and Crafts > Crafts > Craft Boards & Supplies","mottaro > mottaro-crafts > mottaro-craft-boards-supplies",yes
ME139-7,"Motarro – Crepe Filament Paper, Yellow, 20g","Arts and Crafts > Crafts > Shredded and Crepe","mottaro > mottaro-crafts > mottaro-shredded-crepe",yes
MP040-3,"Motarro Acrylic Royal Scarlet – 75ml","Arts and Crafts > Art Supplies > Paints > Acrylic","mottaro > mottaro-art-supplies > mottaro-paints > mottaro-paints-acrylic",yes
ME095-Y,"Motarro LED Letter Light – 22cm","Arts and Crafts > Crafts > Lights","mottaro > mottaro-crafts > mottaro-crafts-lights",yes
MC044-4,"Motarro Permanent Marker – Double Sided, 0.5mm And 2-3mm, 4 pcs","Stationery > School & Office > Writing & Correction > Markers and Highlighters","mottaro > mottaro-school-office > mottaro-writing-correction > mottaro-markers-highlighters",yes
MC002-3,"Motarro Paint Marker – Black, 0.7mm","Stationery > School & Office > Writing & Correction > Markers and Highlighters","mottaro > mottaro-school-office > mottaro-writing-correction > mottaro-markers-highlighters",yes
MU162-1,"Motarro Tracing Paper – A4, 24 Sheets, 210x297mm","Arts and Crafts > Art Supplies > Sketch & Draw","mottaro > mottaro-art-supplies > mottaro-sketch-draw",yes
MP199-1,"Motarro Stretch Canvas – Fill In The Frame, With Paint And Paintbrush, Giraffe, 20x25cm","Arts and Crafts > Art Supplies > Canvas > Stretch","mottaro > mottaro-art-supplies > mottaro-canvas > mottaro-canvas-stretch",yes
ME227-3,"Motarro Cork Board For Crafts – 300x400mm","Stationery > School & Office","mottaro > mottaro-school-office",yes
MA007-1,"Motarro Thumbtack – 40 pcs","Stationery > School & Office","mottaro > mottaro-school-office",yes
MP083,"Motarro Paintbrush – Synthetic Fiber, Set Of 3","Arts and Crafts > Art Supplies > Brushes & Applicators","mottaro > mottaro-art-supplies > mottaro-brushes-applicators",yes
ME119-1,"Motarro Felt Bag – Black, 25x30cm, 70g, 5 pcs","Arts and Crafts > Crafts > Felt Bags","mottaro > mottaro-crafts > mottaro-felt-bags",yes
MI020-3-PNK,"Motarro Stapler With Staples – Pink, Stapler 42x70mm","Stationery > School & Office > Stapling","mottaro > mottaro-school-office > mottaro-stapling",yes
ME402-18,"Motarro – Stones, 0.8-1.2cm","Arts and Crafts > Crafts > Decorative Items","mottaro > mottaro-crafts > mottaro-decorative-items",yes
MA024-4,"Motarro Magnets – 17 pcs","Stationery > School & Office > Magnets","mottaro > mottaro-school-office > mottaro-magnets",yes
MC041-6,"Motarro Permanent Marker – Fine Liners, Black, 0.4mm, 3 pcs","Stationery > School & Office > Writing & Correction > Markers and Highlighters","mottaro > mottaro-school-office > mottaro-writing-correction > mottaro-markers-highlighters",yes
MP040-10,"Motarro Acrylic Paint – Orange Yellow, 75ml","Arts and Crafts > Art Supplies > Paints > Acrylic","mottaro > mottaro-art-supplies > mottaro-paints > mottaro-paints-acrylic",yes
ME095-7,"Motarro LED Numbers Light – 22cm","Arts and Crafts > Crafts > Lights","mottaro > mottaro-crafts > mottaro-crafts-lights",yes
MU215-1,"Motarro Hole Reinforcement Stickers – 250 pcs","Arts and Crafts > Crafts > Stickers","mottaro > mottaro-crafts > mottaro-stickers",yes
MP040-16,"Motarro Acrylic Paint – Yellow Green, 75ml","Arts and Crafts > Art Supplies > Paints > Acrylic","mottaro > mottaro-art-supplies > mottaro-paints > mottaro-paints-acrylic",yes
MP129-3,"Motarro A3 Sketch Pad – 80 Sheets, 297x400mm","Arts and Crafts > Art Supplies > Sketch & Draw","mottaro > mottaro-art-supplies > mottaro-sketch-draw",yes
MC007-13,"Motarro Textile Marker – 2-3mm, 5 pcs","Stationery > School & Office > Writing & Correction > Markers and Highlighters","mottaro > mottaro-school-office > mottaro-writing-correction > mottaro-markers-highlighters",yes
MP040-24,"Motarro Acrylic Paint – Complexion, 75ml","Arts and Crafts > Art Supplies > Paints > Acrylic","mottaro > mottaro-art-supplies > mottaro-paints > mottaro-paints-acrylic",yes
MT001-7-BLU,"Motarro Tape Despenser – Blue, 147x57x75mm","Stationery > School & Office > Glues and Adhesive Tape > Adhesives and Holders","mottaro > mottaro-school-office > mottaro-glues-adhesive-tape > mottaro-adhesives-holders",yes
MK078-1-PNK,"Motarro Sharpener – Pink","Stationery > School & Office > Sharpeners","mottaro > mottaro-school-office > mottaro-sharpeners",yes
MA006-2,"Motarro Thumbtack – 9mm, Silver, 100 pcs","Stationery > School & Office","mottaro > mottaro-school-office",yes
MC071,"Motarro Tattoo Gel Pens – 6 pcs","Arts and Crafts > Crafts > Decorative Items","mottaro > mottaro-crafts > mottaro-decorative-items",yes
MP133-4,"Motarro Canvas Panel 25x20cm","Arts and Crafts > Art Supplies > Canvas > Panel","mottaro > mottaro-art-supplies > mottaro-canvas > mottaro-canvas-panel",yes
MP156-BLU,"Motarro Painting Apron – Blue, 600x430mm","Arts and Crafts > Art Supplies > Aprons","mottaro > mottaro-art-supplies > mottaro-art-aprons",yes
MK074,"Motarro Transparent Glue 50ml","Stationery > School & Office > Glues and Adhesive Tape > Glues","mottaro > mottaro-school-office > mottaro-glues-adhesive-tape > mottaro-glues",yes
MC096-3,"Motarro Colour Pencils – 24 Colours","Stationery > School & Office > Writing & Correction > Colour Pencils and Crayons","mottaro > mottaro-school-office > mottaro-writing-correction > mottaro-colour-pencils-crayons",yes
ME095-T,"Motarro LED Letter Light – 22cm","Arts and Crafts > Crafts > Lights","mottaro > mottaro-crafts > mottaro-crafts-lights",yes
ME047-2-BLU,"Motarro Cutting Mat – Blue, A3, 450x300mm","Stationery > School & Office","mottaro > mottaro-school-office",yes
MI020-3-BLU,"Motarro Stapler With Staples – Blue, Stapler 42x70mm","Stationery > School & Office > Stapling","mottaro > mottaro-school-office > mottaro-stapling",yes
MC069-3,"Motarro Permanent Marker – 1-2mm, 6 pcs","Stationery > School & Office > Writing & Correction > Markers and Highlighters","mottaro > mottaro-school-office > mottaro-writing-correction > mottaro-markers-highlighters",yes
MA055-BLU,"Motarro Pencil Sharpener – Blue, 58mm, 3 pcs","Stationery > School & Office > Sharpeners","mottaro > mottaro-school-office > mottaro-sharpeners",yes
MT001-4-BLU,"Motarro Tape Dispenser – Blue, 192x73x86mm","Stationery > School & Office > Glues and Adhesive Tape > Adhesives and Holders","mottaro > mottaro-school-office > mottaro-glues-adhesive-tape > mottaro-adhesives-holders",yes
MI020-8-BLU,"Motarro Stapler With Staples – Blue, 6mm, 2 pcs","Stationery > School & Office > Stapling","mottaro > mottaro-school-office > mottaro-stapling",yes
MA015-5,"Motarro Keychain – 77mm, 1 pcs","Jewellery > Findings","mottaro > mottaro-other > mottaro-other-beads",yes
MU130-4,"Motarro Craft Stickers – Unicorn","Arts and Crafts > Crafts > Stickers","mottaro > mottaro-crafts > mottaro-stickers",yes
ME046-7,"Motarro Assorted Stamps – 25mm, 6 pcs","Stationery > School & Office > Stamps & Ink","mottaro > mottaro-school-office > mottaro-stamps-ink",yes
MU031-1,"Motarro Adhesive Labels – 5 Sheets","Stationery > School & Office > Labels & Notes","mottaro > mottaro-school-office > mottaro-labels-notes",yes
ME095-U,"Motarro LED Letter Light – 22cm","Arts and Crafts > Crafts > Lights","mottaro > mottaro-crafts > mottaro-crafts-lights",yes
ME038-1,"Motarro Hot Glue Gun – 4 pcs","Stationery > School & Office > Glues and Adhesive Tape > Glues","mottaro > mottaro-school-office > mottaro-glues-adhesive-tape > mottaro-glues",yes
MN004-5,"Motarro Binder Clip – 145mm, 1 pcs","Stationery > School & Office > Fasteners & Clips","mottaro > mottaro-school-office > mottaro-fasteners-clips",yes
MP125-3,"Motarro Watercolour Pad – 5 Sheets, 297x400mm","Arts and Crafts > Art Supplies > Sketch & Draw","mottaro > mottaro-art-supplies > mottaro-sketch-draw",yes
MK032,"Motarro Pencil Sharpener Pack – 2 pcs","Stationery > School & Office > Sharpeners","mottaro > mottaro-school-office > mottaro-sharpeners",yes
ME039-2,"Motarro Silicone Bars Hot Glue Sticks – 6 pcs","Stationery > School & Office > Glues and Adhesive Tape > Glues","mottaro > mottaro-school-office > mottaro-glues-adhesive-tape > mottaro-glues",yes
MI019-6-RED,"Motarro Kids Scissors – Red, 130cm","Stationery > School & Office > Cutting Tools","mottaro > mottaro-school-office > mottaro-cutting-tools",yes
ME035-1,"Motarro Air Clay – Red, 60g","Arts and Crafts > Art Supplies > Sculpting & Moulding > Clay","mottaro > mottaro-art-supplies > mottaro-sculpting-moulding > mottaro-clay",yes
MT002,"Motarro Carton Sealer","Stationery > School & Office","mottaro > mottaro-school-office",yes
MC031-11,"Motarro Permanent Marker – 3mm, 4 pcs","Stationery > School & Office > Writing & Correction > Markers and Highlighters","mottaro > mottaro-school-office > mottaro-writing-correction > mottaro-markers-highlighters",yes
[OBJECT OBJECT],"MOTARRO ACRYLIC PAINT - AZURE - 75ml","Arts and Crafts > Art Supplies > Paints > Acrylic","mottaro > mottaro-art-supplies > mottaro-paints > mottaro-paints-acrylic",yes
MQ003-1-BLK,"MOTARRO CLIPBOARD | BLACK | 23x31.5cm (MQ003-1)","Stationery > School & Office > Clipboards","mottaro > mottaro-school-office > mottaro-clipboards",yes
MP130-51,"Motarro Canvas Stretch A3 – 29.7x42cm","Arts and Crafts > Art Supplies > Canvas > Stretch","mottaro > mottaro-art-supplies > mottaro-canvas > mottaro-canvas-stretch",yes
ME035-10,"Motarro Air Clay – Yellow, 60g","Arts and Crafts > Art Supplies > Sculpting & Moulding > Clay","mottaro > mottaro-art-supplies > mottaro-sculpting-moulding > mottaro-clay",yes
MC029-3-PNK,"Motarro Mechanical Pencil And Lead Refills – Pink, 0.5mm, 2 pcs","Stationery > School & Office > Writing & Correction > Pens and Pencils","mottaro > mottaro-school-office > mottaro-writing-correction > mottaro-pens-pencils",yes
MK013-PNK,"Motarro Eraser With Cover – Pink, 3 pcs","Stationery > School & Office > Writing & Correction > Correction and Erasing","mottaro > mottaro-school-office > mottaro-writing-correction > mottaro-correction-erasing",yes
MC045-15-BLU,"MOTARRO ACRYLIC PAINT - AZURE - 75ml","Arts and Crafts > Art Supplies > Paints > Acrylic","mottaro > mottaro-art-supplies > mottaro-paints > mottaro-paints-acrylic",yes
MI019-8-RED,"Motarro Kids Scissors Floral – Red","Stationery > School & Office > Cutting Tools","mottaro > mottaro-school-office > mottaro-cutting-tools",yes
MP169-3-DPNK,"Motarro Acrylic Paint – Metallic, Dark Pink, 75ml","Arts and Crafts > Art Supplies > Paints > Acrylic","mottaro > mottaro-art-supplies > mottaro-paints > mottaro-paints-acrylic",yes
MA057-1-RED,"Motarro Paper Clips – Red, 50 pcs","Stationery > School & Office > Fasteners & Clips","mottaro > mottaro-school-office > mottaro-fasteners-clips",yes
MP165-6,"Motarro Canvas Box 20x30cm","Arts and Crafts > Art Supplies > Canvas > Box","mottaro > mottaro-art-supplies > mottaro-canvas > mottaro-canvas-box",yes
MK075-1,"Motarro White Glue – 120ml","Stationery > School & Office > Glues and Adhesive Tape > Glues","mottaro > mottaro-school-office > mottaro-glues-adhesive-tape > mottaro-glues",yes
MC008-10,"Motarro Ballpoint Pen – 1.0mm, 4 pcs","Stationery > School & Office > Writing & Correction > Pens and Pencils","mottaro > mottaro-school-office > mottaro-writing-correction > mottaro-pens-pencils",yes
MI011-2,"Motarro Paper Cutter A4 – 25x30cm","Stationery > School & Office > Cutting Tools","mottaro > mottaro-school-office > mottaro-cutting-tools",yes
MI034-3,"Motarro Stamp Pad Ink – Red 30ml","Stationery > School & Office > Stamps & Ink","mottaro > mottaro-school-office > mottaro-stamps-ink",yes
MP040-11,"Motarro Acrylic Paint – Cobalt Blue, 75ml","Arts and Crafts > Art Supplies > Paints > Acrylic","mottaro > mottaro-art-supplies > mottaro-paints > mottaro-paints-acrylic",yes
MP133-7,"Motarro Canvas Panel 30x30cm","Arts and Crafts > Art Supplies > Canvas > Panel","mottaro > mottaro-art-supplies > mottaro-canvas > mottaro-canvas-panel",yes
MU132-6,"Motarro Craft Stickers – Animals","Arts and Crafts > Crafts > Stickers","mottaro > mottaro-crafts > mottaro-stickers",yes
MA002-3,"Motarro Paperclips – Silver, 50mm, 25 pcs","Stationery > School & Office","mottaro > mottaro-school-office",yes
MP130-50,"Motarro Canvas Stretch A4 – 21x29.7cm","Arts and Crafts > Art Supplies > Canvas > Stretch","mottaro > mottaro-art-supplies > mottaro-canvas > mottaro-canvas-stretch",yes
MP080-GRN,"Motarro Brush Wash Cup – Green","Arts and Crafts > Art Supplies > Painting Palettes","mottaro > mottaro-art-supplies > mottaro-painting-palettes",yes
MU289-7,"Motarro Craft Stickers – Aeroplanes","Arts and Crafts > Crafts > Stickers","mottaro > mottaro-crafts > mottaro-stickers",yes
MP104,"Motarro Paintbrush – Synthetic Fiber, Set Of 3","Arts and Crafts > Art Supplies > Brushes & Applicators","mottaro > mottaro-art-supplies > mottaro-brushes-applicators",yes
MC002-2,"Motarro Paint Marker – Silver, 0.7mm","Stationery > School & Office > Writing & Correction > Markers and Highlighters","mottaro > mottaro-school-office > mottaro-writing-correction > mottaro-markers-highlighters",yes
MP071,"Motarro Easel – 175cm","Arts and Crafts > Art Supplies > Easels","mottaro > mottaro-art-supplies > mottaro-easels",yes
ME139-6,"Motarro – Crepe Filament Paper, Green, 20g","Arts and Crafts > Crafts > Shredded and Crepe","mottaro > mottaro-crafts > mottaro-shredded-crepe",yes
MO031-4,"MOTARRO TRIPOD WHITEBOARD | 25x48cm (MO031-4)","Stationery > School & Office > Boards & Markers","mottaro > mottaro-school-office > mottaro-boards-markers",yes
MI019-6-BLU,"Motarro Kids Scissors – Blue, 130cm","Stationery > School & Office > Cutting Tools","mottaro > mottaro-school-office > mottaro-cutting-tools",yes
MO031-2,"MOTARRO TRIPOD WHITEBOARD | 16x28cm (MO031-2)","Stationery > School & Office > Boards & Markers","mottaro > mottaro-school-office > mottaro-boards-markers",yes
MK017,"Motarro Eraser – Assorted Colours, 25 pcs","Stationery > School & Office > Writing & Correction > Correction and Erasing","mottaro > mottaro-school-office > mottaro-writing-correction > mottaro-correction-erasing",yes
MP171-3,"Motarro Easel – 11x19cm","Arts and Crafts > Art Supplies > Easels","mottaro > mottaro-art-supplies > mottaro-easels",yes
MP198-1,"Motarro Stretch Canvas – Fill In The Frame, With Paint And Paintbrush, Sea Life, 20x20cm","Arts and Crafts > Art Supplies > Canvas > Stretch","mottaro > mottaro-art-supplies > mottaro-canvas > mottaro-canvas-stretch",yes
ME395-2,"Motarro Crepe Paper – Cream, 35x10mm, 4 pcs","Arts and Crafts > Crafts > Shredded and Crepe","mottaro > mottaro-crafts > mottaro-shredded-crepe",yes
MI012-4,"Motarro Bookends – 17x12.6cm, 2 pcs","Stationery > School & Office","mottaro > mottaro-school-office",yes
MO036,"Motarro Whiteboard Cleaner – 100ml, 3 pcs","Stationery > School & Office > Boards & Markers","mottaro > mottaro-school-office > mottaro-boards-markers",yes
MA016-2,"Motarro Key Cover – 6 pcs","Stationery > School & Office","mottaro > mottaro-school-office",yes
MP165-1,"Motarro Canvas Box 15x20cm","Arts and Crafts > Art Supplies > Canvas > Box","mottaro > mottaro-art-supplies > mottaro-canvas > mottaro-canvas-box",yes
MU132-5,"Motarro Craft Stickers – Fruits","Arts and Crafts > Crafts > Stickers","mottaro > mottaro-crafts > mottaro-stickers",yes
MU004-1,"Motarro Photo Paper – A4, 210x297cm, 20 Sheets","Stationery > School & Office > Colour Paper and Boards","mottaro > mottaro-school-office > mottaro-colour-paper-boards",yes
ME047-3-BLU,"Motarro Cutting Mat – Blue, A4, 300x220mm","Stationery > School & Office","mottaro > mottaro-school-office",yes
MU169-5,"Motarro Glitter Stickers – 1 Sheet","Arts and Crafts > Crafts > Stickers","mottaro > mottaro-crafts > mottaro-stickers",yes
MO005,"Motarro Magnetic Display Sticker – A4","Stationery > School & Office > Magnets","mottaro > mottaro-school-office > mottaro-magnets",yes
ME073-1,"Motarro Modelling Clay – White, 250g","Arts and Crafts > Art Supplies > Sculpting & Moulding > Clay","mottaro > mottaro-art-supplies > mottaro-sculpting-moulding > mottaro-clay",yes
MP040-17,"Motarro Acrylic Paint – Grass Green, 75ml","Arts and Crafts > Art Supplies > Paints > Acrylic","mottaro > mottaro-art-supplies > mottaro-paints > mottaro-paints-acrylic",yes
MP200-1,"Motarro Canvas And Tripod – 15cm","Arts and Crafts > Art Supplies > Canvas > Stretch","mottaro > mottaro-art-supplies > mottaro-canvas > mottaro-canvas-stretch",yes
MQ061-3,"Motarro Laminating Pouches Film – A3, 303x426cm, 5 pcs","Stationery > School & Office","mottaro > mottaro-school-office",yes
MP166-3,"Motarro Painting Palette – With 2 Paint Brushes, 85x125mm, 6 Grids","Arts and Crafts > Art Supplies > Brushes & Applicators","mottaro > mottaro-art-supplies > mottaro-brushes-applicators",yes
MP040-2,"Motarro Acrylic Paint – White, 75ml","Arts and Crafts > Art Supplies > Paints > Acrylic","mottaro > mottaro-art-supplies > mottaro-paints > mottaro-paints-acrylic",yes
MP198-5,"Motarro Stretch Canvas – Fill In The Frame, With Paint And Paintbrush, Aeroplane, 20x20cm","Arts and Crafts > Art Supplies > Canvas > Stretch","mottaro > mottaro-art-supplies > mottaro-canvas > mottaro-canvas-stretch",yes
MP156-YEL,"Motarro Painting Apron – Yellow, 600x430mm","Arts and Crafts > Art Supplies > Aprons","mottaro > mottaro-art-supplies > mottaro-art-aprons",yes
MA040-3,"Motarro Magnetic Numbers And Symbols – 37 pcs","Stationery > School & Office","mottaro > mottaro-school-office",yes
MP129-1,"Motarro A5 Sketch Pad – 80 Sheets, 148x210mm","Arts and Crafts > Art Supplies > Sketch & Draw","mottaro > mottaro-art-supplies > mottaro-sketch-draw",yes
ME402-34,"Motarro – Stones, 9-12cm","Arts and Crafts > Crafts > Decorative Items","mottaro > mottaro-crafts > mottaro-decorative-items",yes
ME095-L,"Motarro LED Letter Light – 22cm","Arts and Crafts > Crafts > Lights","mottaro > mottaro-crafts > mottaro-crafts-lights",yes
ME095-B,"Motarro LED Letter Light – 22cm","Arts and Crafts > Crafts > Lights","mottaro > mottaro-crafts > mottaro-crafts-lights",yes
MA024-7,"Motarro Magnets – 5 pcs","Stationery > School & Office > Magnets","mottaro > mottaro-school-office > mottaro-magnets",yes
MP171-2,"Motarro Easel – 8x15cm","Arts and Crafts > Art Supplies > Easels","mottaro > mottaro-art-supplies > mottaro-easels",yes
MP133-6,"Motarro Canvas Panel 30x24cm","Arts and Crafts > Art Supplies > Canvas > Panel","mottaro > mottaro-art-supplies > mottaro-canvas > mottaro-canvas-panel",yes
MP172-5,"Motarro Tempera Set Paint – Pastel Colours, 6x15ml","Arts and Crafts > Art Supplies > Paints > Tempera","mottaro > mottaro-art-supplies > mottaro-paints > mottaro-paints-tempera",yes
MT009-4,"Motarro Double Side Adhesive – 18x1.5mm","Stationery > School & Office","mottaro > mottaro-school-office",yes
MP133-8,"Motarro Canvas Panel 40x30cm","Arts and Crafts > Art Supplies > Canvas > Panel","mottaro > mottaro-art-supplies > mottaro-canvas > mottaro-canvas-panel",yes
MU169-3,"Motarro Glitter Stickers – 1 Sheet","Arts and Crafts > Crafts > Stickers","mottaro > mottaro-crafts > mottaro-stickers",yes
MQ061-2,"Motarro Laminating Pouches Film – A4, 216x303cm, 10 pcs","Stationery > School & Office","mottaro > mottaro-school-office",yes
MQ061-1,"Motarro Laminating Pouches Film – A5, 152x214cm, 10 pcs","Stationery > School & Office","mottaro > mottaro-school-office",yes
MA001-1,"Motarro Pegs – 25mm, 20 pcs","Stationery > School & Office","mottaro > mottaro-school-office",yes
ME417-4,"Motarro Purpurinas Glitter – 5g, 5 pcs","Arts and Crafts > Crafts > Decorative Items","mottaro > mottaro-crafts > mottaro-decorative-items",yes
ME095-C,"Motarro LED Letter Light – 22cm","Arts and Crafts > Crafts > Lights","mottaro > mottaro-crafts > mottaro-crafts-lights",yes
MI017,"Motarro Carving Knife – 15.3mm, 2 pcs","Stationery > School & Office","mottaro > mottaro-school-office",yes
MA002-6,"Motarro Paperclips – Assorted Colours, 50mm, 25 pcs","Stationery > School & Office","mottaro > mottaro-school-office",yes
MA006-1,"Motarro Thumbtack – 9mm, Gold, 100 pcs","Stationery > School & Office","mottaro > mottaro-school-office",yes
MI021-9,"Motarro Metal Staples – 6mm, 1000 pcs","Stationery > School & Office > Stapling","mottaro > mottaro-school-office > mottaro-stapling",yes
MP154-1,"Motarro Kids Paint Brush – Set Of 3","Arts and Crafts > Art Supplies > Brushes & Applicators","mottaro > mottaro-art-supplies > mottaro-brushes-applicators",yes
ME035-15,"Motarro Air Clay – Blue, 60g","Arts and Crafts > Art Supplies > Sculpting & Moulding > Clay","mottaro > mottaro-art-supplies > mottaro-sculpting-moulding > mottaro-clay",yes
ME095-4,"Motarro LED Numbers Light – 22cm","Arts and Crafts > Crafts > Lights","mottaro > mottaro-crafts > mottaro-crafts-lights",yes
MA005-5,"Motarro Safety Pins – Silver, 43mm, 30 pcs","Stationery > School & Office","mottaro > mottaro-school-office",yes
MO008,"Motarro Blackboard – 40x60cm","Stationery > School & Office > Boards & Markers","mottaro > mottaro-school-office > mottaro-boards-markers",yes
MU132-4,"Motarro Craft Stickers – Glitter Letters","Arts and Crafts > Crafts > Stickers","mottaro > mottaro-crafts > mottaro-stickers",yes
MO029-2,"Motarro Whiteboard – 25x35cm","Stationery > School & Office > Boards & Markers","mottaro > mottaro-school-office > mottaro-boards-markers",yes
MP056,"Motarro Acrylic Paint – 12ml, Box Of 12","Arts and Crafts > Art Supplies > Paints > Acrylic","mottaro > mottaro-art-supplies > mottaro-paints > mottaro-paints-acrylic",yes
MP130-17,"Motarro Canvas Stretch 40x60cm","Arts and Crafts > Art Supplies > Canvas > Stretch","mottaro > mottaro-art-supplies > mottaro-canvas > mottaro-canvas-stretch",yes
MA005-1,"Motarro Safety Pins – Silver, 22mm, 80 pcs","Stationery > School & Office","mottaro > mottaro-school-office",yes
MA002-9,"Motarro Paperclips – Striped 50mm, 25 pcs","Stationery > School & Office","mottaro > mottaro-school-office",yes
MI029,"Motarro Letter Opener","Stationery > School & Office","mottaro > mottaro-school-office",yes
MI074-1,"Motarro Scissors – Left Hand, Blue","Stationery > School & Office > Cutting Tools","mottaro > mottaro-school-office > mottaro-cutting-tools",yes
MU002-4,"Motarro Sticky Notes – 100 Sheets","Stationery > School & Office > Labels & Notes","mottaro > mottaro-school-office > mottaro-labels-notes",yes
MX012,"Motarro Pencil Case – Grey, 23x12.5cm","Stationery > School & Office > Pencil Bags & Cases","mottaro > mottaro-school-office > mottaro-pencil-bags-cases",yes
ME046-16,"Motarro Assorted Stamps Alphabet Letters – 25mm, 26 pcs","Stationery > School & Office > Stamps & Ink","mottaro > mottaro-school-office > mottaro-stamps-ink",yes
MI050-4,"Motarro Assorted Template – Orange, 18cm","Stationery > School & Office","mottaro > mottaro-school-office",yes
MP157-4,"Motarro Art Carving Tools – 4 pcs","Stationery > School & Office","mottaro > mottaro-school-office",yes
MP040-19,"Motarro Acrylic Paint – Mauve Pale, 75ml","Arts and Crafts > Art Supplies > Paints > Acrylic","mottaro > mottaro-art-supplies > mottaro-paints > mottaro-paints-acrylic",yes
MP130-15,"Motarro Canvas Stretch 40x40cm","Arts and Crafts > Art Supplies > Canvas > Stretch","mottaro > mottaro-art-supplies > mottaro-canvas > mottaro-canvas-stretch",yes
MI107-30-PNK,"Motarro Soft Ruler – Pink, 30cm","Stationery > School & Office > Measuring & Viewing","mottaro > mottaro-school-office > mottaro-measuring-viewing",yes
MA057-1-BLU,"Motarro Paper Clips – Blue, 50 pcs","Stationery > School & Office > Fasteners & Clips","mottaro > mottaro-school-office > mottaro-fasteners-clips",yes
MA057-1-PUR,"Motarro Paper Clips – Purple, 50 pcs","Stationery > School & Office > Fasteners & Clips","mottaro > mottaro-school-office > mottaro-fasteners-clips",yes
MI101-1,"Motarro Fingertip Moistener – 8mm","Stationery > School & Office","mottaro > mottaro-school-office",yes
MX041-5-BLU,"Motarro Silicone Pencil Case – Shark, Blue","Stationery > School & Office > Pencil Bags & Cases","mottaro > mottaro-school-office > mottaro-pencil-bags-cases",yes
MI034-2,"Motarro Stamp Pad Ink – Blue 30ml","Stationery > School & Office > Stamps & Ink","mottaro > mottaro-school-office > mottaro-stamps-ink",yes
MC046-6,"Motarro Highlighter – 4 pcs","Stationery > School & Office > Writing & Correction > Markers and Highlighters","mottaro > mottaro-school-office > mottaro-writing-correction > mottaro-markers-highlighters",yes
MK078-3,"Motarro Pencil Sharpener","Stationery > School & Office > Sharpeners","mottaro > mottaro-school-office > mottaro-sharpeners",yes
MA005-12,"Motarro Safety Pins – Gold, 50mm, 20 pcs","Stationery > School & Office","mottaro > mottaro-school-office",yes
MC127-2,"Motarro Erasable Pen – Blue, 0.7mm, 2 pcs","Stationery > School & Office > Writing & Correction > Pens and Pencils","mottaro > mottaro-school-office > mottaro-writing-correction > mottaro-pens-pencils",yes
MC002-1,"Motarro Paint Marker – Gold, 0.7mm","Stationery > School & Office > Writing & Correction > Markers and Highlighters","mottaro > mottaro-school-office > mottaro-writing-correction > mottaro-markers-highlighters",yes
MU146-8,"Motarro Flash Cards – Vegetables, 36 Sheets","Stationery > Educational","mottaro > mottaro-educational",yes
MP172-1,"Motarro Tempera Set Paint – Normal Colours, 6x15ml","Arts and Crafts > Art Supplies > Paints > Tempera","mottaro > mottaro-art-supplies > mottaro-paints > mottaro-paints-tempera",yes
MP200-7,"Motarro Canvas And Tripod – 20x15cm","Arts and Crafts > Art Supplies > Canvas > Stretch","mottaro > mottaro-art-supplies > mottaro-canvas > mottaro-canvas-stretch",yes
MP164-1,"Motarro Canvas Stretch 20x30cm","Arts and Crafts > Art Supplies > Canvas > Stretch","mottaro > mottaro-art-supplies > mottaro-canvas > mottaro-canvas-stretch",yes
MP129-2,"Motarro A4 Sketch Pad – 80 Sheets, 210x297mm","Arts and Crafts > Art Supplies > Sketch & Draw","mottaro > mottaro-art-supplies > mottaro-sketch-draw",yes
MI043-30,"Motarro Aluminium Ruler – 30cm","Stationery > School & Office > Measuring & Viewing","mottaro > mottaro-school-office > mottaro-measuring-viewing",yes
ME402-26,"Motarro – Stones, 1-2cm","Arts and Crafts > Crafts > Decorative Items","mottaro > mottaro-crafts > mottaro-decorative-items",yes
MP130-8,"Motarro Canvas Stretch 20x30cm","Arts and Crafts > Art Supplies > Canvas > Stretch","mottaro > mottaro-art-supplies > mottaro-canvas > mottaro-canvas-stretch",yes
ME035-18,"Motarro Air Clay – Charcoal Black, 60g","Arts and Crafts > Art Supplies > Sculpting & Moulding > Clay","mottaro > mottaro-art-supplies > mottaro-sculpting-moulding > mottaro-clay",yes
MP015-12,"Motarro Oil Pastel – 12 Colours","Arts and Crafts > Art Supplies > Sketch & Draw","mottaro > mottaro-art-supplies > mottaro-sketch-draw",yes
MP133-3,"Motarro Canvas Panel 20x20cm","Arts and Crafts > Art Supplies > Canvas > Panel","mottaro > mottaro-art-supplies > mottaro-canvas > mottaro-canvas-panel",yes
MP040-9,"Motarro Acrylic Paint – Medium Yellow, 75ml","Arts and Crafts > Art Supplies > Paints > Acrylic","mottaro > mottaro-art-supplies > mottaro-paints > mottaro-paints-acrylic",yes
MC010-2,"Motarro Pen Refill – Black, 1.0mm, 2 pcs","Stationery > School & Office > Writing & Correction > Pens and Pencils","mottaro > mottaro-school-office > mottaro-writing-correction > mottaro-pens-pencils",yes
MP166-1,"Motarro Painting Palette – With 2 Paint Brushes, 135mm, 6 Grids","Arts and Crafts > Art Supplies > Brushes & Applicators","mottaro > mottaro-art-supplies > mottaro-brushes-applicators",yes
MU054,"Motarro Page Markers – 20x5 pcs","Stationery > School & Office > Writing & Correction > Markers and Highlighters","mottaro > mottaro-school-office > mottaro-writing-correction > mottaro-markers-highlighters",yes
MP135-BLU,"Motarro Painting Apron – Blue, 480x330mm","Arts and Crafts > Art Supplies > Aprons","mottaro > mottaro-art-supplies > mottaro-art-aprons",yes
ME036-5,"Motarro Embroidery Hoop – 300mm","Arts and Crafts > Crafts > Embroidery","mottaro > mottaro-crafts > mottaro-embroidery",yes
MO027-4,"Motarro Tripod Blackboard – 48x25cm","Stationery > School & Office > Boards & Markers","mottaro > mottaro-school-office > mottaro-boards-markers",yes
MP004-2,"Motarro Woodless Charcoal Pencils – 3 pcs","Arts and Crafts > Art Supplies > Sketch & Draw","mottaro > mottaro-art-supplies > mottaro-sketch-draw",yes
ME130-10,"Motarro Wood Chip 130-140mm","Arts and Crafts > Crafts > Wooden","mottaro > mottaro-crafts > mottaro-wooden",yes
ME095-8,"Motarro LED Numbers Light – 22cm","Arts and Crafts > Crafts > Lights","mottaro > mottaro-crafts > mottaro-crafts-lights",yes
MK009-7,"Motarro Glue Stick – 21g","Stationery > School & Office > Glues and Adhesive Tape > Glues","mottaro > mottaro-school-office > mottaro-glues-adhesive-tape > mottaro-glues",yes
MK009-5,"Motarro Glue Stick – 9g","Stationery > School & Office > Glues and Adhesive Tape > Glues","mottaro > mottaro-school-office > mottaro-glues-adhesive-tape > mottaro-glues",yes
MU130-3,"Motarro Craft Stickers – Halobios","Arts and Crafts > Crafts > Stickers","mottaro > mottaro-crafts > mottaro-stickers",yes
ME095-5,"Motarro LED Numbers Light – 22cm","Arts and Crafts > Crafts > Lights","mottaro > mottaro-crafts > mottaro-crafts-lights",yes
MU130-6,"Motarro Craft Stickers – Transport","Arts and Crafts > Crafts > Stickers","mottaro > mottaro-crafts > mottaro-stickers",yes
MP154-2,"Motarro Kids Paintbrush – Set Of 3","Arts and Crafts > Art Supplies > Brushes & Applicators","mottaro > mottaro-art-supplies > mottaro-brushes-applicators",yes
MI047-2,"Motarro 30cm Scale Ruler","Stationery > School & Office > Measuring & Viewing","mottaro > mottaro-school-office > mottaro-measuring-viewing",yes
MK001-2,"Motarro Correction Tape – Set Of 3","Stationery > School & Office > Writing & Correction > Correction and Erasing","mottaro > mottaro-school-office > mottaro-writing-correction > mottaro-correction-erasing",yes
MP040-23,"Motarro Acrylic Paint – Flesh Colour, 75ml","Arts and Crafts > Art Supplies > Paints > Acrylic","mottaro > mottaro-art-supplies > mottaro-paints > mottaro-paints-acrylic",yes
MP169-3-GLD,"Motarro Acrylic Paint – Metallic, Gold, 75ml","Arts and Crafts > Art Supplies > Paints > Acrylic","mottaro > mottaro-art-supplies > mottaro-paints > mottaro-paints-acrylic",yes
MP169-3-GRY,"Motarro Acrylic Paint – Metallic, Grey, 75ml","Arts and Crafts > Art Supplies > Paints > Acrylic","mottaro > mottaro-art-supplies > mottaro-paints > mottaro-paints-acrylic",yes
MP015-18,"Motarro Oil Pastel – 18 Colours","Arts and Crafts > Art Supplies > Sketch & Draw","mottaro > mottaro-art-supplies > mottaro-sketch-draw",yes
MX032-3-BLK,"Motarro Double Zip Pencil Case – Black, 22x9x6.5cm","Stationery > School & Office > Pencil Bags & Cases","mottaro > mottaro-school-office > mottaro-pencil-bags-cases",yes
MP163-24,"Motarro Double Tip Marker – 6.0mm And 1.0mm, 24 Colours","Stationery > School & Office > Writing & Correction > Markers and Highlighters","mottaro > mottaro-school-office > mottaro-writing-correction > mottaro-markers-highlighters",yes
MP163-36,"Motarro Double Tip Marker – 6.0mm And 1.0mm, 36 Colours","Stationery > School & Office > Writing & Correction > Markers and Highlighters","mottaro > mottaro-school-office > mottaro-writing-correction > mottaro-markers-highlighters",yes
ME119-7,"Motarro Felt Bag – Green, 25x30cm, 70g, 5 pcs","Arts and Crafts > Crafts > Felt Bags","mottaro > mottaro-crafts > mottaro-felt-bags",yes
ME119-3,"Motarro Felt Bag – Red, 25x30cm, 70g, 5 pcs","Arts and Crafts > Crafts > Felt Bags","mottaro > mottaro-crafts > mottaro-felt-bags",yes
ME139-3,"Motarro – Crepe Filament Paper, Light Pink, 20g","Arts and Crafts > Crafts > Shredded and Crepe","mottaro > mottaro-crafts > mottaro-shredded-crepe",yes
MX041-5-ORG,"Motarro Silicone Pencil Case – Shark, Orange","Stationery > School & Office > Pencil Bags & Cases","mottaro > mottaro-school-office > mottaro-pencil-bags-cases",yes
MC036-11,"Motarro Whiteboard Marker – 12 pcs","Stationery > School & Office > Writing & Correction > Markers and Highlighters","mottaro > mottaro-school-office > mottaro-writing-correction > mottaro-markers-highlighters",yes
MT001-4-BLK,"Motarro Tape Dispenser – Black, 192x73x86mm","Stationery > School & Office > Glues and Adhesive Tape > Adhesives and Holders","mottaro > mottaro-school-office > mottaro-glues-adhesive-tape > mottaro-adhesives-holders",yes
MT001-7-PNK,"Motarro Tape Dispenser – Pink, 147x57x75mm","Stationery > School & Office > Glues and Adhesive Tape > Adhesives and Holders","mottaro > mottaro-school-office > mottaro-glues-adhesive-tape > mottaro-adhesives-holders",yes
MC134-1,"Motarro HB Pencil Box – 12 pcs","Stationery > School & Office > Writing & Correction > Pens and Pencils","mottaro > mottaro-school-office > mottaro-writing-correction > mottaro-pens-pencils",yes
MC039-5,"Motarro Whiteboard Marker With Eraser – 2mm, 4 pcs","Stationery > School & Office > Writing & Correction > Markers and Highlighters","mottaro > mottaro-school-office > mottaro-writing-correction > mottaro-markers-highlighters",yes
MA001-4,"Motarro Pegs – 45mm, 7 pcs","Stationery > School & Office","mottaro > mottaro-school-office",yes
MK078-1-BLU,"Motarro Sharpener – Blue","Stationery > School & Office > Sharpeners","mottaro > mottaro-school-office > mottaro-sharpeners",yes
MC007-1,"Motarro Textile Marker – Black, 2-3mm","Stationery > School & Office > Writing & Correction > Markers and Highlighters","mottaro > mottaro-school-office > mottaro-writing-correction > mottaro-markers-highlighters",yes
MQ001-1-YEL,"Motarro Clipboard – Yellow, 315x225mm","Stationery > School & Office > Clipboards","mottaro > mottaro-school-office > mottaro-clipboards",yes
MC049-1,"Motarro Highlighter – 4 pcs","Stationery > School & Office > Writing & Correction > Markers and Highlighters","mottaro > mottaro-school-office > mottaro-writing-correction > mottaro-markers-highlighters",yes
MQ057-2-BLK,"Motarro EVA Zipping Bag – A5, Black, 235x175mm","Fashion & Accessories > Synthetic Bags > Handbags","mottaro > mottaro-other > mottaro-other-fashion",yes
MC086-2,"Motarro Liquid Chalk Marker – White, 2-5mm","Stationery > School & Office > Writing & Correction > Markers and Highlighters","mottaro > mottaro-school-office > mottaro-writing-correction > mottaro-markers-highlighters",yes
MC110,"Motarro Multipen And Pencil – 0.7mm And 0.5mm","Stationery > School & Office > Writing & Correction > Pens and Pencils","mottaro > mottaro-school-office > mottaro-writing-correction > mottaro-pens-pencils",yes
MC111-9,"Motarro Gel Pen – Unicorn, 0.5mm","Stationery > School & Office > Writing & Correction > Pens and Pencils","mottaro > mottaro-school-office > mottaro-writing-correction > mottaro-pens-pencils",yes
ME035-20,"Motarro Air Clay – Light Green, 60g","Arts and Crafts > Art Supplies > Sculpting & Moulding > Clay","mottaro > mottaro-art-supplies > mottaro-sculpting-moulding > mottaro-clay",yes
MA040-1,"Motarro Magnetic Uppercase Letters – 26 pcs","Stationery > School & Office","mottaro > mottaro-school-office",yes
MU169-1,"Motarro Glitter Stickers – 1 Sheet","Arts and Crafts > Crafts > Stickers","mottaro > mottaro-crafts > mottaro-stickers",yes
MP130-11,"Motarro Canvas Stretch 30x24cm","Arts and Crafts > Art Supplies > Canvas > Stretch","mottaro > mottaro-art-supplies > mottaro-canvas > mottaro-canvas-stretch",yes
MQ057-6-BLU,"Motarro EVA Zipping Bag – Blue, 200x145mm","Fashion & Accessories > Synthetic Bags > Handbags","mottaro > mottaro-other > mottaro-other-fashion",yes
ME130-8,"Motarro Wood Chip 100-110mm","Arts and Crafts > Crafts > Wooden","mottaro > mottaro-crafts > mottaro-wooden",yes
ME095-S,"Motarro LED Letter Light – 22cm","Arts and Crafts > Crafts > Lights","mottaro > mottaro-crafts > mottaro-crafts-lights",yes
MI019-8-BLU,"Motarro Kids Scissors Floral – Blue","Stationery > School & Office > Cutting Tools","mottaro > mottaro-school-office > mottaro-cutting-tools",yes
MQ001-1-BLU,"Motarro Clipboard – Blue, 315x225mm","Stationery > School & Office > Clipboards","mottaro > mottaro-school-office > mottaro-clipboards",yes
ME095-2,"MOTARRO LED NUMBERS LIGHT | 2 | 22cm (ME095-2)","Arts and Crafts > Crafts > Lights","mottaro > mottaro-crafts > mottaro-crafts-lights",yes
MB001-3,"Motarro Didactic Electric Kit – 7 pcs","Stationery > Educational","mottaro > mottaro-educational",yes
MA057-1-LBLU,"Motarro Paper Clips – Light Blue, 50 pcs","Stationery > School & Office > Fasteners & Clips","mottaro > mottaro-school-office > mottaro-fasteners-clips",yes
MQ057-1-BLU,"Motarro EVA Zipping Bag – A4, Blue, 355x255mm","Fashion & Accessories > Synthetic Bags > Handbags","mottaro > mottaro-other > mottaro-other-fashion",yes
ME139-5,"Motarro – Crepe Filament Paper, Light Blue, 20g","Arts and Crafts > Crafts > Shredded and Crepe","mottaro > mottaro-crafts > mottaro-shredded-crepe",yes
MP130-6,"Motarro Canvas Stretch 20x20cm","Arts and Crafts > Art Supplies > Canvas > Stretch","mottaro > mottaro-art-supplies > mottaro-canvas > mottaro-canvas-stretch",yes
MU146-1,"Motarro Mathematical Flash Cards – Addition, 27 Sheets","Stationery > Educational","mottaro > mottaro-educational",yes
MP040-7,"Motarro Acrylic Paint – Vermilion, 75ml","Arts and Crafts > Art Supplies > Paints > Acrylic","mottaro > mottaro-art-supplies > mottaro-paints > mottaro-paints-acrylic",yes
MA024-5,"Motarro Magnets – 10 pcs","Stationery > School & Office > Magnets","mottaro > mottaro-school-office > mottaro-magnets",yes
MC003-2,"Motarro Metal Marker – Gold, 2mm","Stationery > School & Office > Writing & Correction > Markers and Highlighters","mottaro > mottaro-school-office > mottaro-writing-correction > mottaro-markers-highlighters",yes
ME035-6,"Motarro Air Clay – Light Pink, 60g","Arts and Crafts > Art Supplies > Sculpting & Moulding > Clay","mottaro > mottaro-art-supplies > mottaro-sculpting-moulding > mottaro-clay",yes
ME119-9,"Motarro Felt Bag – Mixed, 25x30cm, 70g, 5 pcs","Arts and Crafts > Crafts > Felt Bags","mottaro > mottaro-crafts > mottaro-felt-bags",yes
MC009-3,"Motarro Ballpoint Pen – 1.0mm, 7 pcs","Stationery > School & Office > Writing & Correction > Pens and Pencils","mottaro > mottaro-school-office > mottaro-writing-correction > mottaro-pens-pencils",yes
MK018-3,"Motarro Eraser – 4 pcs","Stationery > School & Office > Writing & Correction > Correction and Erasing","mottaro > mottaro-school-office > mottaro-writing-correction > mottaro-correction-erasing",yes
MT001-7-BLK,"Motarro Tape Dispenser – Black, 147x57x75mm","Stationery > School & Office > Glues and Adhesive Tape > Adhesives and Holders","mottaro > mottaro-school-office > mottaro-glues-adhesive-tape > mottaro-adhesives-holders",yes
MP130-52,"Motarro Canvas Stretch A2 – 42x59.4cm","Arts and Crafts > Art Supplies > Canvas > Stretch","mottaro > mottaro-art-supplies > mottaro-canvas > mottaro-canvas-stretch",yes
MP130-19,"Motarro Canvas Stretch 50x50cm","Arts and Crafts > Art Supplies > Canvas > Stretch","mottaro > mottaro-art-supplies > mottaro-canvas > mottaro-canvas-stretch",yes
ME095-A,"MOTARRO LED LETTER LIGHT | A | 22cm (ME095-A)","Arts and Crafts > Crafts > Lights","mottaro > mottaro-crafts > mottaro-crafts-lights",yes
MA011-1,"Motarro Split Pins – 19mm, Gold, 30 pcs","Stationery > School & Office","mottaro > mottaro-school-office",yes
MQ003-1-GRN,"MOTARRO CLIPBOARD | GREEN | 23x31.5cm (MQ003-1)","Stationery > School & Office > Clipboards","mottaro > mottaro-school-office > mottaro-clipboards",yes
MQ064-1-BLK,"MOTARRO ID CARD | BLACK | 54x85mm | 2PCS (MQ064-1)","Stationery > School & Office > Accessories","mottaro > mottaro-school-office > mottaro-stationery-accessories",yes
MQ001-1-WHT,"MOTARRO CLIPBOARD | WHITE | 315x225mm (MQ001-1)","Stationery > School & Office > Clipboards","mottaro > mottaro-school-office > mottaro-clipboards",yes
ME130-13,"MOTARRO WOOD CHIP 180|200mm (ME130-13)","Arts and Crafts > Crafts > Wooden","mottaro > mottaro-crafts > mottaro-wooden",yes
MQ003-1-BLU,"MOTARRO CLIPBOARD | BLUE | 23x31.5cm (MQ003-1)","Stationery > School & Office > Clipboards","mottaro > mottaro-school-office > mottaro-clipboards",yes
MQ064-1-RED,"MOTARRO ID CARD | RED | 54x85mm | 2PCS (MQ064-1)","Stationery > School & Office > Accessories","mottaro > mottaro-school-office > mottaro-stationery-accessories",yes
ME395-8,"MOTARRO CREPE PAPER | LIGHT PINK | 35x10mm | 4PCS (ME395-8)","Arts and Crafts > Crafts > Shredded and Crepe","mottaro > mottaro-crafts > mottaro-shredded-crepe",yes
ME292-2,"MOTARRO MAGNETIC ADHESIVE TAPE | 2x1mm (ME292-2)","Stationery > School & Office > Glues and Adhesive Tape > Adhesives and Holders","mottaro > mottaro-school-office > mottaro-glues-adhesive-tape > mottaro-adhesives-holders",yes
MU146-7,"MOTARRO FLASH CARDS | ANIMALS | 36 SHEETS (MU146-7)","Stationery > Educational","mottaro > mottaro-educational",yes
MU146-13,"MOTARRO FLASH CARDS | BODY PARTS | 36 SHEETS (MU146-13)","Stationery > Educational","mottaro > mottaro-educational",yes
MU146-6,"MOTARRO FLASH CARDS | COLOURS | 36 SHEETS (MU146-6)","Stationery > Educational","mottaro > mottaro-educational",yes
MU031-14,"MOTARRO ADHESIVE LABELS | 5 SHEETS (MU031-14)","Stationery > School & Office > Labels & Notes","mottaro > mottaro-school-office > mottaro-labels-notes",yes
MU031-7,"MOTARRO ADHESIVE LABELS | 5 SHEETS (MU031-7)","Stationery > School & Office > Labels & Notes","mottaro > mottaro-school-office > mottaro-labels-notes",yes
MQ064-1-BLU,"MOTARRO ID CARD | BLUE | 54x85mm | 2PCS (MQ064-1)","Stationery > School & Office > Accessories","mottaro > mottaro-school-office > mottaro-stationery-accessories",yes
MQ001-1-PNK,"MOTARRO CLIPBOARD | PINK | 315x225mm (MQ001-1)","Stationery > School & Office > Clipboards","mottaro > mottaro-school-office > mottaro-clipboards",yes
MQ003-1-RED,"MOTARRO CLIPBOARD | RED | 23x31.5cm (MQ003-1)","Stationery > School & Office > Clipboards","mottaro > mottaro-school-office > mottaro-clipboards",yes
ME036-3,"Motarro Embroidery Hoop – 200mm","Arts and Crafts > Crafts > Embroidery","mottaro > mottaro-crafts > mottaro-embroidery",yes
MX032-3-RED,"MOTARRO DOUBLE ZIP PENCIL CASE | RED | 22x9x6.5cm (MX032-3)","Stationery > School & Office > Pencil Bags & Cases","mottaro > mottaro-school-office > mottaro-pencil-bags-cases",yes
MI019-9-BLU,"MOTARRO KIDS SCISSORS CRAFT | BLUE (MI019-9)","Stationery > School & Office > Cutting Tools","mottaro > mottaro-school-office > mottaro-cutting-tools",yes
MI019-9-GRN,"MOTARRO KIDS SCISSORS CRAFT | GREEN (MI019-9)","Stationery > School & Office > Cutting Tools","mottaro > mottaro-school-office > mottaro-cutting-tools",yes
MI019-9-PNK,"MOTARRO KIDS SCISSORS CRAFT | PINK (MI019-9)","Stationery > School & Office > Cutting Tools","mottaro > mottaro-school-office > mottaro-cutting-tools",yes
MI070-3-PNK,"MOTARRO SCISSORS | 210mm | PINK (MI070-3)","Stationery > School & Office > Cutting Tools","mottaro > mottaro-school-office > mottaro-cutting-tools",yes
MU156-2,"MOTARRO CARBON PAPER | A4 | BLACK | 210x297cm | 10 SHEETS (MU156-2)","Stationery > School & Office > Colour Paper and Boards","mottaro > mottaro-school-office > mottaro-colour-paper-boards",yes
ME047-1-BLU,"MOTARRO CUTTING MAT | BLUE | A2 | 600x450mm (ME047-1)","Stationery > School & Office > Measuring & Viewing","mottaro > mottaro-school-office > mottaro-measuring-viewing",yes
ME047-1-PNK,"MOTARRO CUTTING MAT | PINK | A2 | 600x450mm (ME047-1)","Stationery > School & Office > Measuring & Viewing","mottaro > mottaro-school-office > mottaro-measuring-viewing",yes
ME047-2-PNK,"MOTARRO CUTTING MAT | PINK | A3 | 450x300mm (ME047-2)","Stationery > School & Office > Measuring & Viewing","mottaro > mottaro-school-office > mottaro-measuring-viewing",yes
MK002-2-GRN,"Motarro Correction Tape – Green","Stationery > School & Office > Writing & Correction > Correction and Erasing","mottaro > mottaro-school-office > mottaro-writing-correction > mottaro-correction-erasing",yes
MI019-9-ORG,"MOTARRO KIDS SCISSORS CRAFT | ORANGE (MI019-9)","Stationery > School & Office > Cutting Tools","mottaro > mottaro-school-office > mottaro-cutting-tools",yes
MI070-3-BLU,"MOTARRO SCISSORS | 210mm | BLUE (MI070-3)","Stationery > School & Office > Cutting Tools","mottaro > mottaro-school-office > mottaro-cutting-tools",yes
MI034-1,"MOTARRO STAMP PAD INK | BLACK 30ml (MI034-1)","Stationery > School & Office > Stamps & Ink","mottaro > mottaro-school-office > mottaro-stamps-ink",yes
MC029-3-BLU,"Motarro Mechanical Pencil And Lead Refills – Blue, 0.5mm, 2 pcs","Stationery > School & Office > Writing & Correction > Pens and Pencils","mottaro > mottaro-school-office > mottaro-writing-correction > mottaro-pens-pencils",yes
ME036-6,"Motarro Embroidery Hoop – 400mm","Arts and Crafts > Crafts > Embroidery","mottaro > mottaro-crafts > mottaro-embroidery",yes
ME095-9,"Motarro LED Numbers Light – 22cm","Arts and Crafts > Crafts > Lights","mottaro > mottaro-crafts > mottaro-crafts-lights",yes
MQ021-BLU,"Motarro Expanding File – A4, Blue","Stationery > School & Office > Filing & Organisation","mottaro > mottaro-school-office > mottaro-filing-organisation",yes
MX032-3-BLU,"Motarro Double Zip Pencil Case – Blue, 22x9x6.5cm","Stationery > School & Office > Pencil Bags & Cases","mottaro > mottaro-school-office > mottaro-pencil-bags-cases",yes
MK002-2-BLU,"Motarro Correction Tape – Blue","Stationery > School & Office > Writing & Correction > Correction and Erasing","mottaro > mottaro-school-office > mottaro-writing-correction > mottaro-correction-erasing",yes
MQ057-2-BLU,"Motarro EVA Zipping Bag – A5, Blue, 235x175mm","Fashion & Accessories > Synthetic Bags > Handbags","mottaro > mottaro-other > mottaro-other-fashion",yes
MP130-13,"Motarro Canvas Stretch 30x40cm","Arts and Crafts > Art Supplies > Canvas > Stretch","mottaro > mottaro-art-supplies > mottaro-canvas > mottaro-canvas-stretch",yes
MK013-BLU,"Motarro Eraser With Cover – Blue, 3 pcs","Stationery > School & Office > Writing & Correction > Correction and Erasing","mottaro > mottaro-school-office > mottaro-writing-correction > mottaro-correction-erasing",yes
MP135-GRN,"Motarro Painting Apron – Green, 480x330mm","Arts and Crafts > Art Supplies > Aprons","mottaro > mottaro-art-supplies > mottaro-art-aprons",yes
MI127-1,"Motarro Paper Cutter Replacement Blades – A4","Stationery > School & Office > Cutting Tools","mottaro > mottaro-school-office > mottaro-cutting-tools",yes
MU168-1,"Motarro Glow In The Dark Stickers – 1 Sheet","Arts and Crafts > Crafts > Stickers","mottaro > mottaro-crafts > mottaro-stickers",yes
MP084,"Motarro Paintbrush – Synthetic Fiber, Set Of 3","Arts and Crafts > Art Supplies > Brushes & Applicators","mottaro > mottaro-art-supplies > mottaro-brushes-applicators",yes
MP069,"Motarro Easel – 120cm","Arts and Crafts > Art Supplies > Easels","mottaro > mottaro-art-supplies > mottaro-easels",yes
MU031-4,"Motarro Adhesive Labels – 5 Sheets","Stationery > School & Office > Labels & Notes","mottaro > mottaro-school-office > mottaro-labels-notes",yes
ME035-3,"Motarro Air Clay – White, 60g","Arts and Crafts > Art Supplies > Sculpting & Moulding > Clay","mottaro > mottaro-art-supplies > mottaro-sculpting-moulding > mottaro-clay",yes
MI019-6-GRN,"Motarro Kids Scissors – Green, 130cm","Stationery > School & Office > Cutting Tools","mottaro > mottaro-school-office > mottaro-cutting-tools",yes
ME095-Q,"Motarro LED Letter Light – 22cm","Arts and Crafts > Crafts > Lights","mottaro > mottaro-crafts > mottaro-crafts-lights",yes
MO007,"Motarro Blackboard – 30x40cm","Stationery > School & Office > Boards & Markers","mottaro > mottaro-school-office > mottaro-boards-markers",yes
MQ001-1-LPNK,"Motarro Clipboard – Light Pink, 315x225mm","Stationery > School & Office > Clipboards","mottaro > mottaro-school-office > mottaro-clipboards",yes
MP198-4,"Motarro Stretch Canvas – Fill In The Frame, With Paint And Paintbrush, Car, 20x20cm","Arts and Crafts > Art Supplies > Canvas > Stretch","mottaro > mottaro-art-supplies > mottaro-canvas > mottaro-canvas-stretch",yes
MU130-5,"Motarro Craft Stickers – Ball Outfit","Arts and Crafts > Crafts > Stickers","mottaro > mottaro-crafts > mottaro-stickers",yes
ME095-1,"Motarro LED Numbers Light – 22cm","Arts and Crafts > Crafts > Lights","mottaro > mottaro-crafts > mottaro-crafts-lights",yes
MP133-2,"Motarro Canvas Panel 24x18cm","Arts and Crafts > Art Supplies > Canvas > Panel","mottaro > mottaro-art-supplies > mottaro-canvas > mottaro-canvas-panel",yes
MU130-8,"Motarro Craft Stickers – Boat","Arts and Crafts > Crafts > Stickers","mottaro > mottaro-crafts > mottaro-stickers",yes
ME035-19,"Motarro Air Clay – Green, 60g","Arts and Crafts > Art Supplies > Sculpting & Moulding > Clay","mottaro > mottaro-art-supplies > mottaro-sculpting-moulding > mottaro-clay",yes
ME145-2,"Motarro Plasticine – 12 pcs","Arts and Crafts > Art Supplies > Sculpting & Moulding > Plasticine","mottaro > mottaro-art-supplies > mottaro-sculpting-moulding > mottaro-plasticine",yes
ME095-H,"Motarro LED Letter Light – 22cm","Arts and Crafts > Crafts > Lights","mottaro > mottaro-crafts > mottaro-crafts-lights",yes
MP169-3-DBLU,"Motarro Acrylic Paint – Metallic, Dark Blue, 75ml","Arts and Crafts > Art Supplies > Paints > Acrylic","mottaro > mottaro-art-supplies > mottaro-paints > mottaro-paints-acrylic",yes
MO018,"Motarro Cork Board – 40x60cm","Stationery > School & Office","mottaro > mottaro-school-office",yes
MI035-2,"Motarro Ink Pad – Blue","Stationery > School & Office > Stamps & Ink","mottaro > mottaro-school-office > mottaro-stamps-ink",yes
MP125-2,"Motarro Watercolour Pad – 5 Sheets, 210x297mm","Arts and Crafts > Art Supplies > Sketch & Draw","mottaro > mottaro-art-supplies > mottaro-sketch-draw",yes
MX041-5-GRN,"Motarro Silicone Pencil Case – Shark, Green","Stationery > School & Office > Pencil Bags & Cases","mottaro > mottaro-school-office > mottaro-pencil-bags-cases",yes
MK011,"Motarro Transparent Glue – 60ml","Stationery > School & Office > Glues and Adhesive Tape > Glues","mottaro > mottaro-school-office > mottaro-glues-adhesive-tape > mottaro-glues",yes
MI020-6-BLU,"Motarro Stapler With Staples – Blue, 2 pcs","Stationery > School & Office > Stapling","mottaro > mottaro-school-office > mottaro-stapling",yes
ME227-1,"Motarro Cork Board For Crafts – 150x200mm","Stationery > School & Office","mottaro > mottaro-school-office",yes
ME130-4,"Motarro Wood Chips – 50-60mm 3 pcs","Arts and Crafts > Crafts > Wooden","mottaro > mottaro-crafts > mottaro-wooden",yes
ME130-6,"Motarro Wood Chips – 70-80mm","Arts and Crafts > Crafts > Wooden","mottaro > mottaro-crafts > mottaro-wooden",yes
MA005-11,"Motarro Safety Pins – Gold, 43mm, 30 pcs","Stationery > School & Office","mottaro > mottaro-school-office",yes
MA052-PUR,"Motarro Binder Clips Pack – Purple, 5 pcs","Stationery > School & Office > Fasteners & Clips","mottaro > mottaro-school-office > mottaro-fasteners-clips",yes
MC001-4,"Motarro Paint Marker – White, 3mm","Stationery > School & Office > Writing & Correction > Markers and Highlighters","mottaro > mottaro-school-office > mottaro-writing-correction > mottaro-markers-highlighters",yes
MP040-8,"Motarro Acrylic Paint – Lemon Yellow, 75ml","Arts and Crafts > Art Supplies > Paints > Acrylic","mottaro > mottaro-art-supplies > mottaro-paints > mottaro-paints-acrylic",yes
MP135-RED,"Motarro Painting Apron – Red, 480x330mm","Arts and Crafts > Art Supplies > Aprons","mottaro > mottaro-art-supplies > mottaro-art-aprons",yes
MP004-1,"Motarro Woodless Charcoal Pencils – 3 pcs","Arts and Crafts > Art Supplies > Sketch & Draw","mottaro > mottaro-art-supplies > mottaro-sketch-draw",yes
ME035-21,"Motarro Air Clay – Lime Green, 60g","Arts and Crafts > Art Supplies > Sculpting & Moulding > Clay","mottaro > mottaro-art-supplies > mottaro-sculpting-moulding > mottaro-clay",yes
MP130-28,"Motarro Canvas Stretch 100x100cm","Arts and Crafts > Art Supplies > Canvas > Stretch","mottaro > mottaro-art-supplies > mottaro-canvas > mottaro-canvas-stretch",yes
MP165-15,"Motarro Canvas Box 40x60cm","Arts and Crafts > Art Supplies > Canvas > Box","mottaro > mottaro-art-supplies > mottaro-canvas > mottaro-canvas-box",yes
ME136-7,"Motarro Painting Mask – White, 19x10cm","Arts and Crafts > Crafts > Masks","mottaro > mottaro-crafts > mottaro-masks",yes
ME136-4,"Motarro Painting Mask – White, 19x13cm","Arts and Crafts > Crafts > Masks","mottaro > mottaro-crafts > mottaro-masks",yes
ME095-3,"Motarro LED Numbers Light – 22cm","Arts and Crafts > Crafts > Lights","mottaro > mottaro-crafts > mottaro-crafts-lights",yes
ME185-1,"Motarro Playdough And Accessory – 6+5 pcs","Arts and Crafts > Art Supplies > Sculpting & Moulding > Playdough","mottaro > mottaro-art-supplies > mottaro-sculpting-moulding > mottaro-playdough",yes
MU169-8,"Motarro Glitter Stickers – 1 Sheet","Arts and Crafts > Crafts > Stickers","mottaro > mottaro-crafts > mottaro-stickers",yes
ME095-@,"Motarro LED Sign Light – 22cm","Arts and Crafts > Crafts > Lights","mottaro > mottaro-crafts > mottaro-crafts-lights",yes
ME095-G,"Motarro LED Letter Light – G, 22cm","Arts and Crafts > Crafts > Lights","mottaro > mottaro-crafts > mottaro-crafts-lights",yes
ME130-3,"Motarro Wood Chips – 40-50mm 4 pcs","Arts and Crafts > Crafts > Wooden","mottaro > mottaro-crafts > mottaro-wooden",yes
ME095-I,"Motarro LED Letter Light – 22cm","Arts and Crafts > Crafts > Lights","mottaro > mottaro-crafts > mottaro-crafts-lights",yes
MP061-2,"Motarro Retractable Brush Cleaner","Arts and Crafts > Art Supplies > Painting Palettes","mottaro > mottaro-art-supplies > mottaro-painting-palettes",yes
MA040-2,"Motarro Magnetic Lowercase Letters – 26 pcs","Stationery > School & Office","mottaro > mottaro-school-office",yes
MO029-3,"Motarro Whiteboard – 30x40cm","Stationery > School & Office > Boards & Markers","mottaro > mottaro-school-office > mottaro-boards-markers",yes
MP165-11,"Motarro Canvas Box 30x40cm","Arts and Crafts > Art Supplies > Canvas > Box","mottaro > mottaro-art-supplies > mottaro-canvas > mottaro-canvas-box",yes
MA024-10,"Motarro Magnets – 2 pcs","Stationery > School & Office > Magnets","mottaro > mottaro-school-office > mottaro-magnets",yes
MP154-4,"MOTARRO PAINTBRUSH | SET OF 3 (MP154-4)","Arts and Crafts > Art Supplies > Brushes & Applicators","mottaro > mottaro-art-supplies > mottaro-brushes-applicators",yes
MK028-1,"MOTARRO METAL SHARPENER 24PCS (MK028-1)","Beads > Beads By Material > Beads","mottaro > mottaro-other > mottaro-other-beads",yes
MP145-8,"MOTARRO PAINTING PALETTE | 170x230mm | 10 GRIDS (MP145-8)","Arts and Crafts > Art Supplies > Painting Palettes","mottaro > mottaro-art-supplies > mottaro-painting-palettes",yes
MF001-6,"MOTARRO ELASTIC BAND | 80mm | 37PCS (MF001-6)","Jewellery > Findings > Stringing Materials > Elastic","mottaro > mottaro-other > mottaro-other-beads",yes
MP145-6,"MOTARRO PAINTING PALETTE | 170mm | 11 GRIDS (MP145-6)","Arts and Crafts > Art Supplies > Painting Palettes","mottaro > mottaro-art-supplies > mottaro-painting-palettes",yes
MI026-2,"MOTARRO METALLIC BELL | 12x6.5cm (MI026-2)","Beads > Beads By Material > Beads","mottaro > mottaro-other > mottaro-other-beads",yes
ME400-2,"MOTARRO AIR CLAY | 240g | 24PCS (ME400-2)","Arts and Crafts > Art Supplies > Sculpting & Moulding > Clay","mottaro > mottaro-art-supplies > mottaro-sculpting-moulding > mottaro-clay",yes
MP169-2-OPNK,"MOTARRO ACRYLIC PAINT | FLUORESCENT | ORANGE PINK | 75ml (MP169-2)","Arts and Crafts > Art Supplies > Paints > Acrylic","mottaro > mottaro-art-supplies > mottaro-paints > mottaro-paints-acrylic",yes
ME119-8,"MOTARRO FELT BAG | ORANGE | 25x30cm | 70g | 5PCS (ME119-8)","Arts and Crafts > Crafts > Felt Bags","mottaro > mottaro-crafts > mottaro-felt-bags",yes
MU132-2,"Motarro Craft Stickers – Letters","Arts and Crafts > Crafts > Stickers","mottaro > mottaro-crafts > mottaro-stickers",yes
MC031-7,"MOTARRO PERMANENT MARKER | BLACK | 3mm | 3PCS (MC031-7)","Stationery > School & Office > Writing & Correction > Markers and Highlighters","mottaro > mottaro-school-office > mottaro-writing-correction > mottaro-markers-highlighters",yes
MP172-3,"MOTARRO TEMPERA SET PAINT | METAL COLOURS | 6x15ml (MP172-3)","Beads > Beads By Material > Beads","mottaro > mottaro-other > mottaro-other-beads",yes
ME119-2,"MOTARRO FELT BAG | WHITE | 25x30cm | 70g | 5PCS (ME119-2)","Arts and Crafts > Crafts > Felt Bags","mottaro > mottaro-crafts > mottaro-felt-bags",yes
MP064,"MOTARRO EASEL | 30cm  (MP064)","Arts and Crafts > Art Supplies > Easels","mottaro > mottaro-art-supplies > mottaro-easels",yes
MC033-2,"MOTARRO PERMANENT MARKER | DOUBLE SIDED | BLACK | 6.5mm AND 2.5mm | 3PCS (MC033-2)","Stationery > School & Office > Writing & Correction > Markers and Highlighters","mottaro > mottaro-school-office > mottaro-writing-correction > mottaro-markers-highlighters",yes
MP040-12,"MOTARRO ACRYLIC PAINT | AZURE | 75ml (MP040-12)","Arts and Crafts > Art Supplies > Paints > Acrylic","mottaro > mottaro-art-supplies > mottaro-paints > mottaro-paints-acrylic",yes
MP169-2-ORG,"MOTARRO ACRYLIC PAINT | FLUORESCENT | ORANGE | 75ml (MP169-2)","Arts and Crafts > Art Supplies > Paints > Acrylic","mottaro > mottaro-art-supplies > mottaro-paints > mottaro-paints-acrylic",yes
MP169-2-PUR,"MOTARRO ACRYLIC PAINT | FLUORESCENT | PURPLE | 75ml (MP169-2)","Arts and Crafts > Art Supplies > Paints > Acrylic","mottaro > mottaro-art-supplies > mottaro-paints > mottaro-paints-acrylic",yes
MU167-1,"Motarro Stickers Relief – 1 Sheet","Arts and Crafts > Crafts > Stickers","mottaro > mottaro-crafts > mottaro-stickers",yes
MA024-8,"Motarro Magnets – 5 pcs","Stationery > School & Office > Magnets","mottaro > mottaro-school-office > mottaro-magnets",yes
MU031-3,"Motarro Adhesive Labels – 5 Sheets","Stationery > School & Office > Labels & Notes","mottaro > mottaro-school-office > mottaro-labels-notes",yes
MA005-10,"Motarro Safety Pins – Gold, 36mm, 40 pcs","Stationery > School & Office","mottaro > mottaro-school-office",yes
MI031-1,"Motarro Folder Fasteners – 6 pcs","Stationery > School & Office > Fasteners & Clips","mottaro > mottaro-school-office > mottaro-fasteners-clips",yes
MI020-8-RED,"Motarro Stapler W/staples – Red, 6mm, 2 pcs","Stationery > School & Office > Stapling","mottaro > mottaro-school-office > mottaro-stapling",yes
MI007-4,"Motarro Desk Organiser – Black, 10x15x10cm","Stationery > School & Office > Desk Organisers","mottaro > mottaro-school-office > mottaro-desk-organisers",yes
MA004-3,"Motarro Paperclips – 51mm, 10 pcs","Stationery > School & Office","mottaro > mottaro-school-office",yes
MI035-1,"Motarro Ink Pad – Black","Stationery > School & Office > Stamps & Ink","mottaro > mottaro-school-office > mottaro-stamps-ink",yes
ME395-4,"Motarro Crepe Paper – Pink, 35x10mm, 4 pcs","Arts and Crafts > Crafts > Shredded and Crepe","mottaro > mottaro-crafts > mottaro-shredded-crepe",yes
MC009-8,"Motarro Ballpoint Pen – Blue, 1.0mm, 50 pcs","Stationery > School & Office > Writing & Correction > Pens and Pencils","mottaro > mottaro-school-office > mottaro-writing-correction > mottaro-pens-pencils",yes
MO001-6,"Motarro Jumbo Colour Chalk – 10cm, 6 pcs","Stationery > School & Office > Writing & Correction > Colour Pencils and Crayons","mottaro > mottaro-school-office > mottaro-writing-correction > mottaro-colour-pencils-crayons",yes
MU167-4,"Motarro Stickers Relief – 1 Sheet","Arts and Crafts > Crafts > Stickers","mottaro > mottaro-crafts > mottaro-stickers",yes
MA055-PNK,"Motarro Pencil Sharpener – Pink, 58mm, 3 pcs","Stationery > School & Office > Sharpeners","mottaro > mottaro-school-office > mottaro-sharpeners",yes
MP040-4,"Motarro Acrylic Paint – Pink, 75ml","Arts and Crafts > Art Supplies > Paints > Acrylic","mottaro > mottaro-art-supplies > mottaro-paints > mottaro-paints-acrylic",yes
MP131,"Motarro Painting Apron – 650x580mm","Arts and Crafts > Art Supplies > Aprons","mottaro > mottaro-art-supplies > mottaro-art-aprons",yes
MYD066-6,"Motarro Self Adhesive Labels – Red, 5 Sheets","Stationery > School & Office > Labels & Notes","mottaro > mottaro-school-office > mottaro-labels-notes",yes
MI020-8-BLK,"Motarro Stapler With Staples – Black, 6mm, 2 pcs","Stationery > School & Office > Stapling","mottaro > mottaro-school-office > mottaro-stapling",yes
MYD066-3,"Motarro Self Adhesive Labels – Yellow, 5 Sheets","Stationery > School & Office > Labels & Notes","mottaro > mottaro-school-office > mottaro-labels-notes",yes
MI022-2-BLU,"Motarro Staple Remover – Blue","Stationery > School & Office","mottaro > mottaro-school-office",yes
ME039-1,"Motarro Silicone Bars Hot Glue Sticks – 10 pcs","Stationery > School & Office > Glues and Adhesive Tape > Glues","mottaro > mottaro-school-office > mottaro-glues-adhesive-tape > mottaro-glues",yes
MQ029-PNK,"Motarro Expanding File – A4, Pink","Stationery > School & Office > Filing & Organisation","mottaro > mottaro-school-office > mottaro-filing-organisation",yes
ME035-5,"Motarro Air Clay – Dark Pink, 60g","Arts and Crafts > Art Supplies > Sculpting & Moulding > Clay","mottaro > mottaro-art-supplies > mottaro-sculpting-moulding > mottaro-clay",yes
MI001-3,"Motarro Magnifying Glass – 15cm","Stationery > School & Office","mottaro > mottaro-school-office",yes
MI083-4,"Motarro Soft Ruler – 20cm, 4 pcs","Stationery > School & Office > Measuring & Viewing","mottaro > mottaro-school-office > mottaro-measuring-viewing",yes
MO027-3,"Motarro Tripod Blackboard – 36x20cm","Stationery > School & Office > Boards & Markers","mottaro > mottaro-school-office > mottaro-boards-markers",yes
MC158,"Motarro Metallic Colour Pen – 0.7mm, 4 pcs","Stationery > School & Office > Writing & Correction > Pens and Pencils","mottaro > mottaro-school-office > mottaro-writing-correction > mottaro-pens-pencils",yes
MU289-4,"Motarro Craft Stickers – Space","Arts and Crafts > Crafts > Stickers","mottaro > mottaro-crafts > mottaro-stickers",yes
ME395-11,"Motarro Crepe Paper – Light Brown, 35x10mm, 4 pcs","Arts and Crafts > Crafts > Shredded and Crepe","mottaro > mottaro-crafts > mottaro-shredded-crepe",yes
MQ057-5-BLK,"Motarro EVA Zipping Bag – Black, 290x223mm","Fashion & Accessories > Synthetic Bags > Handbags","mottaro > mottaro-other > mottaro-other-fashion",yes
MI088-4-PNK,"Motarro A4 Paper Cutter Trimmer – Pink","Stationery > School & Office > Cutting Tools","mottaro > mottaro-school-office > mottaro-cutting-tools",yes
ME046-14,"Motarro Assorted Stamps – 25mm, 6 pcs","Stationery > School & Office > Stamps & Ink","mottaro > mottaro-school-office > mottaro-stamps-ink",yes
ME095-P,"Motarro LED Letter Light – 22cm","Arts and Crafts > Crafts > Lights","mottaro > mottaro-crafts > mottaro-crafts-lights",yes
ME035-7,"Motarro Air Clay – Pink, 60g","Arts and Crafts > Art Supplies > Sculpting & Moulding > Clay","mottaro > mottaro-art-supplies > mottaro-sculpting-moulding > mottaro-clay",yes
MP040-22,"Motarro Acrylic Paint – Grey, 75ml","Arts and Crafts > Art Supplies > Paints > Acrylic","mottaro > mottaro-art-supplies > mottaro-paints > mottaro-paints-acrylic",yes
ME035-16,"Motarro Air Clay – Dark Blue, 60g","Arts and Crafts > Art Supplies > Sculpting & Moulding > Clay","mottaro > mottaro-art-supplies > mottaro-sculpting-moulding > mottaro-clay",yes
MP080-PNK,"Motarro Brush Wash Cup – Pink","Arts and Crafts > Art Supplies > Painting Palettes","mottaro > mottaro-art-supplies > mottaro-painting-palettes",yes
MQ057-6-PNK,"Motarro EVA Zipping Bag – Pink, 200x145mm","Fashion & Accessories > Synthetic Bags > Handbags","mottaro > mottaro-other > mottaro-other-fashion",yes
MI107-30-BLU,"Motarro Soft Ruler – Blue, 30cm","Stationery > School & Office > Measuring & Viewing","mottaro > mottaro-school-office > mottaro-measuring-viewing",yes
MC008-2,"Motarro Ballpoint Pen – Black, 1.0mm, 2 pcs","Stationery > School & Office > Writing & Correction > Pens and Pencils","mottaro > mottaro-school-office > mottaro-writing-correction > mottaro-pens-pencils",yes
MP169-3-TUR,"Motarro Acrylic Paint – Metallic, Turquoise, 75ml","Arts and Crafts > Art Supplies > Paints > Acrylic","mottaro > mottaro-art-supplies > mottaro-paints > mottaro-paints-acrylic",yes
MA005-4,"Motarro Safety Pins – Silver, 36mm, 40 pcs","Stationery > School & Office","mottaro > mottaro-school-office",yes
MC111-3,"Motarro Gel Pen – Ice Cream, 0.5mm","Stationery > School & Office > Writing & Correction > Pens and Pencils","mottaro > mottaro-school-office > mottaro-writing-correction > mottaro-pens-pencils",yes
MP156-PNK,"Motarro Painting Apron – Pink, 600x430mm","Arts and Crafts > Art Supplies > Aprons","mottaro > mottaro-art-supplies > mottaro-art-aprons",yes
MQ057-1-PNK,"Motarro EVA Zipping Bag – A4, Pink, 355x255mm","Fashion & Accessories > Synthetic Bags > Handbags","mottaro > mottaro-other > mottaro-other-fashion",yes
MC030-2,"Motarro Lead Refills – 0.7mm, 2x20 pcs","Stationery > School & Office","mottaro > mottaro-school-office",yes
MR004-1,"Motarro Compass – 60mm","Stationery > School & Office","mottaro > mottaro-school-office",yes
MI050-2,"Motarro Assorted Template – Orange, 20cm","Stationery > School & Office","mottaro > mottaro-school-office",yes
MC127-7,"Motarro Erasable Pen – Blue, 0.7mm","Stationery > School & Office > Writing & Correction > Pens and Pencils","mottaro > mottaro-school-office > mottaro-writing-correction > mottaro-pens-pencils",yes
MYD066-1,"Motarro Self Adhesive Labels – Black, 5 Sheets","Stationery > School & Office > Labels & Notes","mottaro > mottaro-school-office > mottaro-labels-notes",yes
ME137-25,"Motarro EVA Sponge A4 – 10 pcs","Arts and Crafts > Crafts > Craft Boards & Supplies","mottaro > mottaro-crafts > mottaro-craft-boards-supplies",yes
MK018-2,"Motarro Eraser – 5 pcs","Stationery > School & Office > Writing & Correction > Correction and Erasing","mottaro > mottaro-school-office > mottaro-writing-correction > mottaro-correction-erasing",yes
MI001-6,"Motarro Folding Magnifying Glass – 14.8cm","Stationery > School & Office","mottaro > mottaro-school-office",yes
MO012,"Motarro Whiteboard – 30x40cm","Stationery > School & Office > Boards & Markers","mottaro > mottaro-school-office > mottaro-boards-markers",yes
ME035-22,"Motarro Air Clay – Mint Green, 60g","Arts and Crafts > Art Supplies > Sculpting & Moulding > Clay","mottaro > mottaro-art-supplies > mottaro-sculpting-moulding > mottaro-clay",yes
MI027-3-RED,"Motarro Deposit Box – Red, 8.5x20x16cm","Stationery > School & Office","mottaro > mottaro-school-office",yes
ME035-24,"Motarro Air Clay – Orange, 60g","Arts and Crafts > Art Supplies > Sculpting & Moulding > Clay","mottaro > mottaro-art-supplies > mottaro-sculpting-moulding > mottaro-clay",yes
ME139-2,"Motarro – Crepe Filament Paper, Dark Pink, 20g","Arts and Crafts > Crafts > Shredded and Crepe","mottaro > mottaro-crafts > mottaro-shredded-crepe",yes
ME035-17,"Motarro Air Clay – Brown, 60g","Arts and Crafts > Art Supplies > Sculpting & Moulding > Clay","mottaro > mottaro-art-supplies > mottaro-sculpting-moulding > mottaro-clay",yes
MP040-14,"Motarro Acrylic Paint – Ultramarine, 75ml","Arts and Crafts > Art Supplies > Paints > Acrylic","mottaro > mottaro-art-supplies > mottaro-paints > mottaro-paints-acrylic",yes
MP172-4,"Motarro Tempera Set Paint – Glitter Colours, 6x15ml","Arts and Crafts > Art Supplies > Paints > Tempera","mottaro > mottaro-art-supplies > mottaro-paints > mottaro-paints-tempera",yes
MP057,"Motarro Oil Colour Paint – 12ml, Box Of 12","Arts and Crafts > Art Supplies > Paints > Oil","mottaro > mottaro-art-supplies > mottaro-paints > mottaro-paints-oil",yes
MP003-2,"Motarro Compressed Graphite – 6.5mm, 6 pcs","Stationery > School & Office","mottaro > mottaro-school-office",yes
MP003-1,"Motarro Compressed Graphite – 6.5mm, 6 pcs","Stationery > School & Office","mottaro > mottaro-school-office",yes
ME151-4,"Motarro EVA Sponge – A4, Pink Glitter, 10 pcs","Arts and Crafts > Crafts > Craft Boards & Supplies","mottaro > mottaro-crafts > mottaro-craft-boards-supplies",yes
ME151-5,"Motarro EVA Sponge – A4, Pink Glitter, 10 pcs","Arts and Crafts > Crafts > Craft Boards & Supplies","mottaro > mottaro-crafts > mottaro-craft-boards-supplies",yes
MI054,"Motarro – Cutter, 3 pcs","Stationery > School & Office","mottaro > mottaro-school-office",yes
MQ021-PUR,"Motarro Expanding File – A4, Purple","Stationery > School & Office > Filing & Organisation","mottaro > mottaro-school-office > mottaro-filing-organisation",yes
MT008-2,"Motarro Double-Sided Adhesive Nano Tape – 19x2mm","Stationery > School & Office > Glues and Adhesive Tape > Adhesives and Holders","mottaro > mottaro-school-office > mottaro-glues-adhesive-tape > mottaro-adhesives-holders",yes
MT012-5,"Motarro Dispenser Transparent Tape – 15x15mm","Stationery > School & Office > Glues and Adhesive Tape > Adhesives and Holders","mottaro > mottaro-school-office > mottaro-glues-adhesive-tape > mottaro-adhesives-holders",yes
MC016-1,"Motarro Liquid Ink Pen – Black, 0.5mm","Stationery > School & Office > Writing & Correction > Pens and Pencils","mottaro > mottaro-school-office > mottaro-writing-correction > mottaro-pens-pencils",yes
MC096-1,"Motarro Colour Pencils – 12 Colours","Stationery > School & Office > Writing & Correction > Colour Pencils and Crayons","mottaro > mottaro-school-office > mottaro-writing-correction > mottaro-colour-pencils-crayons",yes
ME151-2,"Motarro EVA Sponge – A4, Orange Glitter, 10 pcs","Arts and Crafts > Crafts > Craft Boards & Supplies","mottaro > mottaro-crafts > mottaro-craft-boards-supplies",yes
MK009-8,"Motarro Glue Stick – 36g","Stationery > School & Office > Glues and Adhesive Tape > Glues","mottaro > mottaro-school-office > mottaro-glues-adhesive-tape > mottaro-glues",yes
ME130-9,"Motarro Wood Chip 120-130mm","Arts and Crafts > Crafts > Wooden","mottaro > mottaro-crafts > mottaro-wooden",yes
ME417-3,"Motarro Purpurinas Glitter – 5g, 5 pcs","Arts and Crafts > Crafts > Decorative Items","mottaro > mottaro-crafts > mottaro-decorative-items",yes
MC036-4,"Motarro Whiteboard Marker – Green, 3mm","Stationery > School & Office > Writing & Correction > Markers and Highlighters","mottaro > mottaro-school-office > mottaro-writing-correction > mottaro-markers-highlighters",yes
MP040-1,"Motarro Acrylic Paint – Black, 75ml","Arts and Crafts > Art Supplies > Paints > Acrylic","mottaro > mottaro-art-supplies > mottaro-paints > mottaro-paints-acrylic",yes
MK028,"Motarro Metal Sharpener 2 pcs","Stationery > School & Office > Sharpeners","mottaro > mottaro-school-office > mottaro-sharpeners",yes
MI020-6-BLK,"Motarro Stapler With Staples – Black, 2 pcs","Stationery > School & Office > Stapling","mottaro > mottaro-school-office > mottaro-stapling",yes
MP155-5,"Motarro Canvas Stretch With Tripod – 18x24cm","Arts and Crafts > Art Supplies > Canvas > Stretch","mottaro > mottaro-art-supplies > mottaro-canvas > mottaro-canvas-stretch",yes
MP154-5,"Motarro Kids Paint Brush – Set Of 3","Arts and Crafts > Art Supplies > Brushes & Applicators","mottaro > mottaro-art-supplies > mottaro-brushes-applicators",yes
MQ021-PNK,"Motarro Expanding File – A4, Pink","Stationery > School & Office > Filing & Organisation","mottaro > mottaro-school-office > mottaro-filing-organisation",yes
MP199-3,"Motarro Stretch Canvas – Fill In The Frame, With Paint And Paintbrush, Lion, 20x25cm","Arts and Crafts > Art Supplies > Canvas > Stretch","mottaro > mottaro-art-supplies > mottaro-canvas > mottaro-canvas-stretch",yes
ME095-X,"Motarro LED Letter Light – 22cm","Arts and Crafts > Crafts > Lights","mottaro > mottaro-crafts > mottaro-crafts-lights",yes
ME095-N,"Motarro LED Letter Light – 22cm","Arts and Crafts > Crafts > Lights","mottaro > mottaro-crafts > mottaro-crafts-lights",yes
ME095-V,"Motarro LED Letter Light – 22cm","Arts and Crafts > Crafts > Lights","mottaro > mottaro-crafts > mottaro-crafts-lights",yes
ME095-W,"Motarro LED Letter Light – 22cm","Arts and Crafts > Crafts > Lights","mottaro > mottaro-crafts > mottaro-crafts-lights",yes
ME095-O,"Motarro LED Letter Light – 22cm","Arts and Crafts > Crafts > Lights","mottaro > mottaro-crafts > mottaro-crafts-lights",yes
MA057-1-PNK,"Motarro Paper Clips – Pink, 50 pcs","Stationery > School & Office > Fasteners & Clips","mottaro > mottaro-school-office > mottaro-fasteners-clips",yes
ME402-21,"Motarro – Stones, 1-2cm","Arts and Crafts > Crafts > Decorative Items","mottaro > mottaro-crafts > mottaro-decorative-items",yes
MC036-5,"Motarro Whiteboard Marker – Black, 3mm, 3 pcs","Stationery > School & Office > Writing & Correction > Markers and Highlighters","mottaro > mottaro-school-office > mottaro-writing-correction > mottaro-markers-highlighters",yes
MB001-5,"Motarro Didactic Electric Kit – 8 pcs","Stationery > Educational","mottaro > mottaro-educational",yes
ME148-1,"Motarro Plasticine Kit – 10 Colours","Arts and Crafts > Art Supplies > Sculpting & Moulding > Plasticine","mottaro > mottaro-art-supplies > mottaro-sculpting-moulding > mottaro-plasticine",yes
ME151-3,"Motarro EVA Sponge – A4, Gold Glitter, 10 pcs","Arts and Crafts > Crafts > Craft Boards & Supplies","mottaro > mottaro-crafts > mottaro-craft-boards-supplies",yes
ME095-6,"Motarro LED Numbers Light – 22cm","Arts and Crafts > Crafts > Lights","mottaro > mottaro-crafts > mottaro-crafts-lights",yes
MC036-9,"Motarro Whiteboard Marker – 3mm, 3 pcs","Stationery > School & Office > Writing & Correction > Markers and Highlighters","mottaro > mottaro-school-office > mottaro-writing-correction > mottaro-markers-highlighters",yes
MU130-7,"Motarro Craft Stickers – Ball","Arts and Crafts > Crafts > Stickers","mottaro > mottaro-crafts > mottaro-stickers",yes
ME119-6,"Motarro Felt Bag – Blue, 25x30cm, 70g, 5 pcs","Arts and Crafts > Crafts > Felt Bags","mottaro > mottaro-crafts > mottaro-felt-bags",yes
MYD066-5,"Motarro Self Adhesive Labels – Green, 5 Sheets","Stationery > School & Office > Labels & Notes","mottaro > mottaro-school-office > mottaro-labels-notes",yes
MT001-4-PNK,"Motarro Tape Dispenser – Pink, 192x73x86mm","Stationery > School & Office > Glues and Adhesive Tape > Adhesives and Holders","mottaro > mottaro-school-office > mottaro-glues-adhesive-tape > mottaro-adhesives-holders",yes
MC024,"Motarro Fine Liners – 0.4mm, 12 pcs","Stationery > School & Office > Writing & Correction > Markers and Highlighters","mottaro > mottaro-school-office > mottaro-writing-correction > mottaro-markers-highlighters",yes
MP080-YEL,"Motarro Brush Wash Cup – Yellow","Arts and Crafts > Art Supplies > Painting Palettes","mottaro > mottaro-art-supplies > mottaro-painting-palettes",yes
MQ057-6-BLK,"Motarro EVA Zipping Bag – Black, 200x145mm","Fashion & Accessories > Synthetic Bags > Handbags","mottaro > mottaro-other > mottaro-other-fashion",yes
ME047-3-PNK,"Motarro Cutting Mat – Pink, A4, 300x220mm","Stationery > School & Office","mottaro > mottaro-school-office",yes
MC045-15,"MOTARRO HIGHLIGHTER 6PC PASTEL","Stationery > School & Office > Writing & Correction > Markers and Highlighters","mottaro > mottaro-school-office > mottaro-writing-correction > mottaro-markers-highlighters",yes
